Problem,ms,stepcount,ccpercperiphery4,ccpercperiphery2,ccdensity2,maxavgdegconnectivity,ccdiameter5,ccdensity3,ccm4,facts,avgclustering,ccdiameter2,ccperccenter2,greedycolors,ccdensity1,proctime,actions,ccdiameter4,ccmaxeccentricity5,ccradius2,ccmaxeccentricity2,ccpercperiphery3,ccperccenter5,ccperccenter3,ccmaxeccentricity1,ccdensity5,ccdensity4,ccn3,ccn2,ccradius3,n,edgecoverorder,ccmaxeccentricity3,vertexcoverorder,m,ccn1,ccdiameter1,maxclosenesscentrality,ccradius4,ccradius1,ccm3,ccmaxeccentricity4,ccm5,maxloadcentrality,ccdiameter3,maxeigenvectorcentrality,maxlevel,ccm2,transitivity,ccradius5,ccn5,degreeassortativity,ccpercperiphery5,ccpercperiphery1,maxtriangles,ccn4,ccm1,ccmaxrichclub1,maxbetweennesscentrality,ccperccenter1,ccperccenter4
mixed-f10-p5-u0-v0-g0-a0-n0-a0-b0-n0-f0-r2,1270,15,NA,NA,NA,112.98130841121495,NA,NA,NA,86,0.5106854697831041,NA,NA,100,0.201072,31.845968008041382,181,NA,NA,NA,NA,NA,NA,NA,6,NA,NA,NA,NA,NA,267,135,NA,266,6722,259,6,0.5393116411718952,NA,3,NA,NA,NA,0.0316454135720612,NA,0.09558740115880722,3,NA,0.9198713158001344,NA,NA,0.38802293135204174,NA,2.702703,6010,NA,6718,NA,0.0316953993248653,38.996139,NA
mixed-f10-p5-u0-v0-g0-a0-n0-a0-b0-n0-f0-r4,7430,18,NA,NA,NA,111.99056603773585,NA,NA,NA,85,0.5071840763683028,NA,NA,100,0.203489,30.385014057159424,180,NA,NA,NA,NA,NA,NA,NA,6,NA,NA,NA,NA,NA,265,134,NA,250,6595,255,6,0.5359183944710261,NA,3,NA,NA,NA,0.03163039128977469,NA,0.09600312228495594,3,NA,0.9199639474654867,NA,NA,0.375441583815568,NA,1.568627,5903,NA,6590,NA,0.03168108801316335,40.000000,NA
mixed-f12-p6-u0-v0-g0-a0-n0-a0-b0-n0-f0-r0,20410,19,NA,NA,NA,157.98684210526315,NA,NA,NA,114,0.521897018046834,NA,NA,144,0.207295,83.44823122024536,252,NA,NA,NA,NA,NA,NA,NA,6,NA,NA,NA,NA,NA,366,183,NA,366,12958,354,6,0.5393278365686338,NA,3,NA,NA,NA,0.022953975718214042,NA,0.08046144237581018,3,NA,0.9413355440465229,NA,NA,0.3839638975696153,NA,1.129944,11945,NA,12952,NA,0.02298900122212196,41.525424,NA
mixed-f12-p6-u0-v0-g0-a0-n0-a0-b0-n0-f0-r1,20330,19,NA,NA,NA,158.98039215686273,NA,NA,NA,115,0.5245212926688541,NA,NA,144,0.205452,85.46464896202087,253,NA,NA,NA,NA,NA,NA,NA,6,NA,NA,NA,NA,NA,368,184,NA,350,13134,358,6,0.5417667387894426,NA,3,NA,NA,NA,0.022958992741920457,NA,0.08021239430440145,3,NA,0.9413021654739628,NA,NA,0.3957217647484684,NA,1.955307,12098,NA,13129,NA,0.022993720789409446,40.782123,NA
mixed-f14-p7-u0-v0-g0-a0-n0-a0-b0-n0-f0-r3,92480,22,NA,NA,NA,213.93269230769232,NA,NA,NA,149,0.5360521146377686,NA,NA,196,0.207759,203.44138884544373,338,NA,NA,NA,NA,NA,NA,NA,6,NA,NA,NA,NA,NA,487,245,NA,486,23591,477,6,0.5459083856169465,NA,3,NA,NA,NA,0.01742599566510184,NA,0.06896189312530573,3,NA,0.9549920159222511,NA,NA,0.40896784604659053,NA,1.886792,22147,NA,23586,NA,0.017450754698938056,41.090147,NA
mixed-f14-p7-u0-v0-g0-a0-n0-a0-b0-n0-f0-r4,634800,25,NA,NA,NA,212.9903381642512,NA,NA,NA,148,0.5343803820540585,NA,NA,196,0.209258,199.21936011314392,337,NA,NA,NA,NA,NA,NA,NA,6,NA,NA,NA,NA,NA,485,244,NA,442,23365,473,6,0.5440869038547955,NA,3,NA,NA,NA,0.017423308003167264,NA,0.06910547199862618,3,NA,0.9552467699528332,NA,NA,0.4003145806731037,NA,0.845666,21945,NA,23359,NA,0.01744843329666264,42.283298,NA
mixed-f24-p12-u0-v0-g0-a0-n0-a0-b0-n0-f0-r1,1390,64,NA,NA,NA,NA,NA,NA,NA,372,0.4639564667854335,NA,NA,NA,NA,NA,936,NA,NA,NA,NA,NA,NA,NA,NA,NA,NA,NA,NA,NA,1308,NA,NA,1194,136319,NA,NA,NA,NA,NA,NA,NA,NA,NA,NA,NA,3,NA,NA,NA,NA,NA,NA,NA,NA,NA,NA,NA,0.00789810255415376,NA,NA
mixed-f2-p1-u0-v0-g0-a0-n0-a0-b0-n0-f0-r2,0,4,NA,NA,NA,7.25,NA,NA,NA,9,0.2796296296296296,NA,NA,4,NA,0.010525941848754883,12,NA,NA,NA,NA,NA,NA,NA,NA,NA,NA,NA,NA,NA,21,12,NA,20,38,NA,NA,0.5785714285714286,NA,NA,NA,NA,NA,0.3626754385964912,NA,0.44466471264744134,3,NA,0.430939226519337,NA,NA,0.022618957561086565,NA,NA,17,NA,NA,NA,0.3633333333333334,NA,NA
mixed-f2-p1-u0-v0-g0-a0-n0-a0-b0-n0-f0-r3,10,4,NA,NA,NA,7.25,NA,NA,NA,9,0.2796296296296296,NA,NA,4,NA,0.01071476936340332,12,NA,NA,NA,NA,NA,NA,NA,NA,NA,NA,NA,NA,NA,21,12,NA,20,38,NA,NA,0.5785714285714286,NA,NA,NA,NA,NA,0.3626754385964912,NA,0.44466471264744134,3,NA,0.430939226519337,NA,NA,0.022618957561086565,NA,NA,17,NA,NA,NA,0.3633333333333334,NA,NA
freecell-10-1,3517,394,NA,NA,NA,117.77848101265823,NA,NA,NA,293,0.29320239529431924,NA,NA,79,0.189155,120.76827192306519,360,NA,NA,NA,NA,NA,NA,NA,6,NA,NA,NA,NA,NA,653,328,NA,652,9881,321,6,0.3008720588580965,NA,3,NA,NA,NA,0.018262948190594614,NA,0.10413218454773365,3,NA,0.7289541890012866,NA,NA,0.43968965712033364,NA,1.869159,6961,NA,9715,1.2924662402274343,0.01831831786565875,17.133956,NA
freecell-10-2,927,57,NA,NA,NA,115.56756756756756,NA,NA,NA,298,0.2964407591348489,NA,NA,74,0.144396,105.9435658454895,360,NA,NA,NA,NA,NA,NA,NA,6,NA,NA,NA,NA,NA,658,329,NA,656,9174,354,6,0.31876239080106933,NA,3,NA,NA,NA,0.017201648397589274,NA,0.11079992515645287,3,NA,0.6843084983584566,NA,NA,0.3754773449412459,NA,5.367232,6253,NA,9022,1.3392523364485982,0.017187623598254806,6.497175,NA
freecell-10-3,907,55,NA,NA,NA,169.90076335877862,NA,NA,NA,306,0.3389066347879098,NA,NA,121,0.175877,297.53070092201233,429,NA,NA,NA,NA,NA,NA,NA,6,NA,NA,NA,NA,NA,735,369,NA,732,17057,439,6,0.3655494369390827,NA,3,NA,NA,NA,0.02009498494025307,NA,0.08965128293847256,3,NA,0.7243021886820763,NA,NA,0.38271351730854425,NA,5.694761,13195,NA,16909,1.25,0.02016080420881388,4.100228,NA
freecell-10-4,4207,1110,NA,NA,NA,150.11904761904762,NA,NA,NA,304,0.3238235295950403,NA,NA,111,0.164515,211.2773711681366,409,NA,NA,NA,NA,NA,NA,NA,6,NA,NA,NA,NA,NA,713,358,NA,712,13613,405,6,0.34112493311931513,NA,3,NA,NA,NA,0.018750478641119634,NA,0.09338395732728165,3,NA,0.7296431332882701,NA,NA,0.4079606074469548,NA,8.395062,10108,NA,13459,1.2119848413074372,0.018816152789453915,0.246914,NA
freecell-10-5,3367,263,NA,NA,NA,146.23931623931625,NA,NA,NA,303,0.317488969501524,NA,NA,104,0.167819,192.55254983901978,401,NA,NA,NA,NA,NA,NA,NA,6,NA,NA,NA,NA,NA,704,352,NA,702,13017,392,6,0.3366399640637868,NA,3,NA,NA,NA,0.012733274327189665,NA,0.09693526517390914,3,NA,0.7153212196702103,NA,NA,0.3940764021071631,NA,7.142857,9786,NA,12861,1.224735497993433,0.012764613662093457,1.785714,NA
freecell-11-1,4597,1087,NA,NA,NA,122.825,NA,NA,NA,315,0.2833064297492854,NA,NA,84,0.202700,133.5401270389557,386,NA,NA,NA,NA,NA,NA,NA,6,NA,NA,NA,NA,NA,701,352,NA,700,10730,323,6,0.2864990328820116,NA,3,NA,NA,NA,0.01680469397515641,NA,0.10187770884456725,3,NA,0.7350362578494606,NA,NA,0.4480907164316918,NA,1.857585,7611,NA,10541,1.2869593285990963,0.016849802859646906,18.575851,NA
freecell-11-2,1137,64,NA,NA,NA,115.68888888888888,NA,NA,NA,317,0.2783828452386121,NA,NA,74,0.147860,103.82250165939331,377,NA,NA,NA,NA,NA,NA,NA,6,NA,NA,NA,NA,NA,694,347,NA,694,8999,346,6,0.2961262875055979,NA,3,NA,NA,NA,0.015368953413454036,NA,0.10980395775064662,3,NA,0.6952700856343216,NA,NA,0.3962196378362705,NA,3.468208,6090,NA,8825,1.5,0.01532243980881442,7.514451,NA
freecell-11-3,2737,62,NA,NA,NA,143.72413793103448,NA,NA,NA,324,0.3087042658869033,NA,NA,107,0.167575,221.77191996574402,427,NA,NA,NA,NA,NA,NA,NA,6,NA,NA,NA,NA,NA,751,377,NA,750,14289,411,6,0.33106843919251594,NA,3,NA,NA,NA,0.01775511475481372,NA,0.09429966847724654,3,NA,0.7181221442046594,NA,NA,0.4059198080286688,NA,6.082725,10698,NA,14119,1.2320037762567855,0.01782126065809591,8.515815,NA
freecell-11-4,3557,357,NA,NA,NA,135.3298969072165,NA,NA,NA,319,0.29329883869840034,NA,NA,97,0.166045,156.83223605155945,407,NA,NA,NA,NA,NA,NA,NA,6,NA,NA,NA,NA,NA,726,363,NA,724,11271,366,6,0.303733257338273,NA,3,NA,NA,NA,0.01614350885587834,NA,0.0993969866155101,3,NA,0.7251081211354251,NA,NA,0.4203591691102059,NA,7.377049,8249,NA,11091,1.2631578947368423,0.016192539948555077,0.273224,NA
freecell-11-5,4297,794,NA,NA,NA,139.6036036036036,NA,NA,NA,317,0.2921522227726957,NA,NA,100,0.180132,169.9071979522705,410,NA,NA,NA,NA,NA,NA,NA,6,NA,NA,NA,NA,NA,727,365,NA,726,11888,361,6,0.3093802369050518,NA,3,NA,NA,NA,0.010849963169007246,NA,0.1000456450101689,3,NA,0.7144601861937311,NA,NA,0.393893891571393,NA,4.709141,9019,NA,11705,1.2413793103448276,0.011164697767995236,8.033241,NA
freecell-12-1,4367,1292,NA,NA,NA,119.1,NA,NA,NA,336,0.2646578308209984,NA,NA,80,0.196126,123.43313312530518,402,NA,NA,NA,NA,NA,NA,NA,6,NA,NA,NA,NA,NA,738,369,NA,736,10344,322,6,0.26886807222628123,NA,3,NA,NA,NA,0.015103941556462145,NA,0.10336498682786201,3,NA,0.7304416247294917,NA,NA,0.45398921490723454,NA,2.173913,7191,NA,10136,1.3199725933538882,0.015143041254524968,12.422360,NA
freecell-12-2,1247,70,NA,NA,NA,115.68888888888888,NA,NA,NA,337,0.26321211797765237,NA,NA,74,0.147860,104.16199612617493,397,NA,NA,NA,NA,NA,NA,NA,6,NA,NA,NA,NA,NA,734,367,NA,732,9019,346,6,0.27996659923789813,NA,3,NA,NA,NA,0.013736262054925046,NA,0.10980395775064662,3,NA,0.6952700856343216,NA,NA,0.4035301489155989,NA,3.468208,6090,NA,8825,1.3349324029655472,0.013694689734073997,7.514451,NA
freecell-12-3,3457,166,NA,NA,NA,143.72413793103448,NA,NA,NA,344,0.293093430696668,NA,NA,107,0.167575,221.9364469051361,447,NA,NA,NA,NA,NA,NA,NA,6,NA,NA,NA,NA,NA,791,397,NA,790,14309,411,6,0.3143054802460595,NA,3,NA,NA,NA,0.016001565374398948,NA,0.09429966847724655,3,NA,0.7181221442046594,NA,NA,0.410967166342934,NA,6.082725,10698,NA,14119,1.2279463655610445,0.01606117850617731,8.515815,NA
freecell-12-4,5897,1837,NA,NA,NA,131.5212765957447,NA,NA,NA,340,0.2742972351289591,NA,NA,94,0.160154,143.54462218284607,423,NA,NA,NA,NA,NA,NA,NA,6,NA,NA,NA,NA,NA,763,383,NA,762,10838,365,6,0.2869294803496098,NA,3,NA,NA,NA,0.014704275445512088,NA,0.1018667028537926,3,NA,0.7150133782046637,NA,NA,0.4143113698203149,NA,7.671233,7861,NA,10639,1.2617199627444893,0.014742840450927632,0.273973,NA
freecell-12-5,20587,3073,NA,NA,NA,130.0090909090909,NA,NA,NA,336,0.27447883995864125,NA,NA,96,0.180761,148.65914511680603,422,NA,NA,NA,NA,NA,NA,NA,6,NA,NA,NA,NA,NA,758,379,NA,758,11244,350,6,0.28629822722208387,NA,3,NA,NA,NA,0.00914651471112115,NA,0.10055959927765198,3,NA,0.7228864239931311,NA,NA,0.4230729519101565,NA,3.142857,8378,NA,11040,1.5,0.009401115266463608,10.571429,NA
freecell-13-1,4307,545,NA,NA,NA,119.1,NA,NA,NA,356,0.25105074440346636,NA,NA,80,0.196126,117.3552987575531,422,NA,NA,NA,NA,NA,NA,NA,6,NA,NA,NA,NA,NA,778,389,NA,776,10364,322,6,0.25502673002673004,NA,3,NA,NA,NA,0.013587916163069157,NA,0.10336498682786201,3,NA,0.7304416247294917,NA,NA,0.46088402953071983,NA,2.173913,7191,NA,10136,1.3105442176870747,0.013623091313694104,12.422360,NA
freecell-13-2,1847,80,NA,NA,NA,103.88235294117646,NA,NA,NA,355,0.23950632151770163,NA,NA,68,0.145123,85.00970077514648,407,NA,NA,NA,NA,NA,NA,NA,6,NA,NA,NA,NA,NA,762,381,NA,762,8094,330,6,0.25353871090904406,NA,3,NA,NA,NA,0.01324424098766693,NA,0.11317539607586453,3,NA,0.6916741961919113,NA,NA,0.41870729268985646,NA,3.939394,5276,NA,7878,1.347410759175465,0.013290746003488731,7.272727,NA
freecell-13-3,3677,405,NA,NA,NA,138.8,NA,NA,NA,361,0.26535332841763815,NA,NA,95,0.168816,NA,450,NA,NA,NA,NA,NA,NA,NA,6,NA,NA,NA,NA,NA,811,407,NA,810,12182,377,6,0.2828821257778578,NA,3,NA,NA,NA,0.012297007284755539,NA,0.10010718394590393,3,NA,0.7069000096900754,NA,NA,0.4140487445856792,NA,5.570292,8945,NA,11965,NA,0.012282250020252287,8.753316,NA
freecell-13-4,219537,2068,NA,NA,NA,129.89247311827958,NA,NA,NA,359,0.25716083083219743,NA,NA,93,0.167816,130.5115487575531,441,NA,NA,NA,NA,NA,NA,NA,6,NA,NA,NA,NA,NA,800,400,NA,798,10591,352,6,0.2667716133055593,NA,3,NA,NA,NA,0.00691765704025021,NA,0.10241916651732694,3,NA,0.7163195347627365,NA,NA,0.42442046561239977,NA,6.818182,7662,NA,10367,1.256854933208343,0.007136932971220495,0.568182,NA
freecell-13-5,7217,4793,NA,NA,NA,131.25742574257427,NA,NA,NA,357,0.2537428174172176,NA,NA,92,0.172974,134.8835780620575,438,NA,NA,NA,NA,NA,NA,NA,6,NA,NA,NA,NA,NA,795,399,NA,794,10727,349,6,0.2713948922972113,NA,3,NA,NA,NA,0.009094087250668018,NA,0.10310121941546677,3,NA,0.7078508953654084,NA,NA,0.41902311608931514,NA,4.584527,7849,NA,10504,1.260924475877747,0.00933159984564601,6.017192,NA
freecell-2-1,908310,11,NA,NA,NA,186.94444444444446,NA,NA,NA,100,0.6402726333244835,NA,NA,125,0.311435,112.16741466522217,266,NA,NA,NA,NA,NA,NA,NA,6,NA,NA,NA,NA,NA,366,183,NA,364,18598,346,6,0.6369060359589042,NA,3,NA,NA,NA,0.02756321886018024,NA,0.08367382356709346,3,NA,0.78291013264851,NA,NA,0.16214748826925357,NA,2.890173,16401,NA,18588,NA,0.02797013840329491,26.300578,NA
freecell-2-2,137,8,NA,NA,NA,202.03401360544217,NA,NA,NA,100,0.6540678387607591,NA,NA,134,0.316134,153.81265497207642,295,NA,NA,NA,NA,NA,NA,NA,5,NA,NA,NA,NA,NA,395,199,NA,394,22653,379,5,0.6510767436138122,NA,3,NA,NA,NA,0.016914365299304613,NA,0.08042258591230295,3,NA,0.771793775339173,NA,NA,0.15017307101748714,NA,9.762533,19835,NA,22645,NA,0.017044476544738205,38.786280,NA
freecell-2-3,56260,10,NA,NA,NA,211.3856209150327,NA,NA,NA,102,0.6576679968545724,NA,NA,149,0.321273,173.22591090202332,305,NA,NA,NA,NA,NA,NA,NA,5,NA,NA,NA,NA,NA,407,205,NA,406,24754,393,5,0.65481446128147,NA,3,NA,NA,NA,0.013291208976789395,NA,0.07774998640714313,3,NA,0.7725046631312878,NA,NA,0.14388295127781553,NA,9.669211,21378,NA,24747,NA,0.013433073709103094,40.712468,NA
freecell-2-4,147,8,NA,NA,NA,220.32450331125827,NA,NA,NA,101,0.6625306507473019,NA,NA,145,0.335852,196.41038513183594,315,NA,NA,NA,NA,NA,NA,NA,5,NA,NA,NA,NA,NA,416,208,NA,416,26809,400,5,0.6694884249038038,NA,3,NA,NA,NA,0.017292201563506922,NA,0.07788457837576725,3,NA,0.7733964723329201,NA,NA,0.13326647136080957,NA,9.250000,24201,NA,26801,NA,0.01742371837188364,35.250000,NA
freecell-2-5,444370,11,NA,NA,NA,211.921875,NA,NA,NA,101,0.6592277429905206,NA,NA,140,0.331956,170.66273307800293,301,NA,NA,NA,NA,NA,NA,NA,6,NA,NA,NA,NA,NA,402,201,NA,400,24674,386,6,0.6612493810197226,NA,3,NA,NA,NA,0.026216895986453093,NA,0.07826363830086391,3,NA,0.7848642629958785,NA,NA,0.15589490794576202,NA,1.036269,22176,NA,24666,NA,0.02635113744817705,35.751295,NA
freecell-6-1,277,31,NA,NA,NA,207.75862068965517,NA,NA,NA,230,0.4575569632014085,NA,NA,145,0.207504,224.11563515663147,406,NA,NA,NA,NA,NA,NA,NA,6,NA,NA,NA,NA,NA,636,318,NA,636,24933,490,6,0.49353670240761194,NA,3,NA,NA,NA,0.025821896733216894,NA,0.08279426103278117,3,NA,0.7214983732229979,NA,NA,0.30212876623277035,NA,6.530612,20598,NA,24860,NA,0.025992126660533486,1.836735,NA
freecell-6-5,277,33,NA,NA,NA,222.26708074534162,NA,NA,NA,230,0.4773823031258881,NA,NA,145,0.228814,253.19232892990112,415,NA,NA,NA,NA,NA,NA,NA,6,NA,NA,NA,NA,NA,645,324,NA,644,28731,501,6,0.4976907150820195,NA,3,NA,NA,NA,0.018916995482480055,NA,0.07816656369550319,3,NA,0.7397322425990571,NA,NA,0.34223607614153684,NA,5.788423,23521,NA,28659,NA,0.018900890618680357,2.195609,NA
freecell-7-1,1057,39,NA,NA,NA,194.97297297297297,NA,NA,NA,255,0.4397381919617947,NA,NA,139,0.194369,212.68862891197205,413,NA,NA,NA,NA,NA,NA,NA,6,NA,NA,NA,NA,NA,668,334,NA,666,23565,492,6,0.46220048543503184,NA,3,NA,NA,NA,0.024229310864145186,NA,0.08352900172160632,3,NA,0.7305952564435826,NA,NA,0.33356470808662136,NA,7.723577,19201,NA,23477,NA,0.02436113527407403,1.422764,NA
freecell-7-2,307,37,NA,NA,NA,212.50331125827816,NA,NA,NA,256,0.4436325068836067,NA,NA,143,0.195213,256.08225893974304,432,NA,NA,NA,NA,NA,NA,NA,6,NA,NA,NA,NA,NA,688,344,NA,686,26426,520,6,0.4822668750704974,NA,3,NA,NA,NA,0.025581000313072148,NA,0.08276945510578108,3,NA,0.7242089887831842,NA,NA,0.30574695728902024,NA,7.307692,22394,NA,26342,NA,0.025652444396991318,0.576923,NA
freecell-7-4,1647,40,NA,NA,NA,186.70247933884298,NA,NA,NA,258,0.43255278377985823,NA,NA,122,0.186546,192.56892800331116,389,NA,NA,NA,NA,NA,NA,NA,6,NA,NA,NA,NA,NA,647,325,NA,646,21440,479,6,0.45344923394459,NA,3,NA,NA,NA,0.025482446151068955,NA,0.08405825529270707,3,NA,0.7376724567281084,NA,NA,0.39834058838610215,NA,8.768267,16622,NA,21356,NA,0.02558639470138407,1.461378,NA
freecell-7-5,887,41,NA,NA,NA,187.54761904761904,NA,NA,NA,257,0.4282483251443557,NA,NA,126,0.188863,184.60886883735657,401,NA,NA,NA,NA,NA,NA,NA,6,NA,NA,NA,NA,NA,658,329,NA,654,21442,476,6,0.4471576135210553,NA,3,NA,NA,NA,0.011430525577043061,NA,0.08502292421694665,3,NA,0.7180207110837485,NA,NA,0.3335834428335217,NA,7.773109,16579,NA,21351,NA,0.011945269519022991,1.890756,NA
freecell-8-1,3197,67,NA,NA,NA,189.29861111111111,NA,NA,NA,279,0.3896790636173427,NA,NA,132,0.192333,186.65956091880798,421,NA,NA,NA,NA,NA,NA,NA,6,NA,NA,NA,NA,NA,700,350,NA,698,21313,470,6,0.4201329001377134,NA,3,NA,NA,NA,0.022545055351703352,NA,0.08577246448732839,3,NA,0.7119598910446194,NA,NA,0.35762730576621005,NA,4.255319,16452,NA,21198,NA,0.022597436488877982,4.042553,NA
freecell-8-2,367,40,NA,NA,NA,145.45833333333334,NA,NA,NA,269,0.37306170903545066,NA,NA,93,0.156946,103.46848392486572,353,NA,NA,NA,NA,NA,NA,NA,6,NA,NA,NA,NA,NA,622,311,NA,614,13393,412,6,0.3919517186651631,NA,3,NA,NA,NA,0.022971263332585694,NA,0.09761337277016928,3,NA,0.7125874035071773,NA,NA,0.3907112150076839,NA,7.766990,9781,NA,13288,NA,0.023090520306880066,6.553398,NA
freecell-8-3,457,43,NA,NA,NA,173.36601307189542,NA,NA,NA,271,0.40203804539292937,NA,NA,130,0.165586,180.82861804962158,411,NA,NA,NA,NA,NA,NA,NA,6,NA,NA,NA,NA,NA,682,341,NA,680,19934,490,6,0.43618901688237066,NA,3,NA,NA,NA,0.025298732879740802,NA,0.08677039016822798,3,NA,0.7203337410156315,NA,NA,0.36375741045938537,NA,7.755102,15656,NA,19838,NA,0.025394535127513076,1.224490,NA
freecell-8-4,3577,123,NA,NA,NA,181.716,NA,NA,NA,278,0.40659975274350457,NA,NA,127,0.192090,188.87024211883545,414,NA,NA,NA,NA,NA,NA,NA,6,NA,NA,NA,NA,NA,692,346,NA,688,21462,472,6,0.41911673020899065,NA,3,NA,NA,NA,0.020719358824911445,NA,0.08300844984607526,3,NA,0.7382068286212174,NA,NA,0.3994657736199724,NA,7.415254,16359,NA,21352,NA,0.020787260617562562,1.483051,NA
freecell-8-5,2697,55,NA,NA,NA,186.59731543624162,NA,NA,NA,266,0.39400267255497506,NA,NA,140,0.183716,164.90290212631226,420,NA,NA,NA,NA,NA,NA,NA,6,NA,NA,NA,NA,NA,686,343,NA,684,19845,464,6,0.41726326034063255,NA,3,NA,NA,NA,0.010662402205181828,NA,0.08525290901609318,3,NA,0.726863239966129,NA,NA,0.3245480651741169,NA,8.189655,15569,NA,19734,NA,0.011088169463747485,1.077586,NA
freecell-9-1,2617,52,NA,NA,NA,192.00666666666666,NA,NA,NA,300,0.37620497177190815,NA,NA,137,0.197487,191.8621699810028,442,NA,NA,NA,NA,NA,NA,NA,6,NA,NA,NA,NA,NA,742,371,NA,740,21902,470,6,0.40222690351060053,NA,3,NA,NA,NA,0.02035500784611394,NA,0.08461042840626494,3,NA,0.724904173190088,NA,NA,0.38017602628228153,NA,5.531915,17041,NA,21766,NA,0.02042621057391066,1.276596,NA
freecell-9-2,537,49,NA,NA,NA,157.38235294117646,NA,NA,NA,295,0.3624779707770174,NA,NA,102,0.169567,126.06017208099365,389,NA,NA,NA,NA,NA,NA,NA,6,NA,NA,NA,NA,NA,684,342,NA,682,15767,430,6,0.38329976736388083,NA,3,NA,NA,NA,0.018926954655446842,NA,0.09420516523791286,3,NA,0.7187176331717609,NA,NA,0.3976818388023846,NA,5.813953,11920,NA,15640,NA,0.018986048109707804,5.581395,NA
freecell-9-3,937,48,NA,NA,NA,170.34351145038167,NA,NA,NA,287,0.3599723993171131,NA,NA,121,0.167687,141.57171988487244,410,NA,NA,NA,NA,NA,NA,NA,6,NA,NA,NA,NA,NA,697,350,NA,694,17139,451,6,0.3921135793289339,NA,3,NA,NA,NA,0.023056961031858496,NA,0.08970071133756674,3,NA,0.7224393909010837,NA,NA,0.37553231647463897,NA,6.430155,13274,NA,17016,NA,0.023133891819517447,3.991131,NA
freecell-9-4,3227,97,NA,NA,NA,142.1487603305785,NA,NA,NA,283,0.34103626023477174,NA,NA,106,0.163576,97.45522689819336,383,NA,NA,NA,NA,NA,NA,NA,6,NA,NA,NA,NA,NA,666,333,NA,662,13057,398,6,0.35910002278423336,NA,4,NA,NA,NA,0.02047641086897697,NA,0.09489001376612306,3,NA,0.727205452775073,NA,NA,0.4000529450331996,NA,8.542714,9706,NA,12923,NA,0.0205528835727857,44.974874,NA
freecell-9-5,3317,228,NA,NA,NA,172.88888888888889,NA,NA,NA,290,0.3632527007260207,NA,NA,126,0.172165,146.0157186985016,418,NA,NA,NA,NA,NA,NA,NA,6,NA,NA,NA,NA,NA,708,354,NA,706,17522,450,6,0.38481771832475314,NA,3,NA,NA,NA,0.014344423482287035,NA,0.08865096505018373,3,NA,0.7252211694391465,NA,NA,0.3709584538235823,NA,7.777778,13529,NA,17393,NA,0.014390193242000677,1.333333,NA
log-x-1,1410,27,NA,100.000000,0.825784,36.27777777777778,NA,NA,NA,36,0.5645401895401889,2,100.000000,36,0.825784,1.2787549495697021,96,NA,NA,2,2,NA,NA,NA,2,NA,NA,NA,42,NA,132,66,NA,132,1446,42,2,0.28515691263782866,NA,2,NA,NA,NA,0.00045921977806886755,NA,0.11679459070200114,3,711,0.9215686274509803,NA,NA,0.5667431823078033,NA,100.000000,616,NA,711,NA,0.00045921977806886793,100.000000,NA
log-x-2,8220,32,100.000000,100.000000,0.864887,100.18,NA,0.864887,5185,75,0.8070714970656758,2,100.000000,100,0.864887,44.821014165878296,435,2,NA,2,2,100.000000,NA,100.000000,2,NA,0.864887,110,110,2,510,255,2,510,20775,110,2,0.19950296374657867,2,2,5185,2,NA,5.999986740360779e-05,2,0.04990033722223712,3,5185,0.9666784828075151,NA,NA,0.37392215940558543,NA,100.000000,4888,110,5185,NA,5.9999867403607816e-05,100.000000,100.000000
log-x-4,310,59,100.000000,100.000000,0.886346,169.14201183431953,2,0.886346,14599,147,0.8070444258416568,2,100.000000,169,0.886346,255.16532516479492,927,2,2,2,2,100.000000,100.000000,100.000000,2,0.886346,0.886346,182,182,2,1074,537,2,1074,73077,182,2,0.1590216293880087,2,2,14599,2,14599,1.860604022209786e-05,2,0.03436973710461493,3,14599,0.9792995161342006,2,182,0.38008663087323963,100.000000,100.000000,14077,182,14599,NA,1.8606040222097853e-05,100.000000,100.000000
logistics-10-0,73940,46,NA,NA,NA,16.375,NA,NA,NA,28,0.24674163783160322,NA,NA,16,NA,0.028005123138427734,40,NA,NA,NA,NA,NA,NA,NA,NA,NA,NA,NA,NA,NA,68,34,NA,68,178,NA,NA,0.2565742714996446,NA,NA,NA,NA,NA,0.0009422584049449724,NA,0.2431921156488025,3,NA,0.8638743455497382,NA,NA,0.8737839922374521,NA,NA,118,NA,NA,NA,0.0009422584049449724,NA,NA
logistics-10-1,2930,42,NA,NA,NA,16.375,NA,NA,NA,28,0.24674163783160322,NA,NA,16,NA,0.02857232093811035,40,NA,NA,NA,NA,NA,NA,NA,NA,NA,NA,NA,NA,NA,68,34,NA,68,178,NA,NA,0.2565742714996446,NA,NA,NA,NA,NA,0.0009422584049449724,NA,0.2431921156488025,3,NA,0.8638743455497382,NA,NA,0.8737839922374521,NA,NA,118,NA,NA,NA,0.0009422584049449724,NA,NA
logistics-11-0,240,51,NA,NA,NA,1.0,NA,NA,NA,24,0.0,NA,NA,2,NA,0.008863210678100586,24,NA,NA,NA,NA,NA,NA,NA,NA,NA,NA,NA,NA,NA,48,24,NA,48,24,NA,NA,0.02127659574468085,NA,NA,NA,NA,NA,0.0,NA,0.1443375672974064,3,NA,0,NA,NA,nan,NA,NA,0,NA,NA,NA,0.0,NA,NA
logistics-11-1,250,63,NA,NA,NA,16.375,NA,NA,NA,28,0.24674163783160322,NA,NA,16,NA,0.027861833572387695,40,NA,NA,NA,NA,NA,NA,NA,NA,NA,NA,NA,NA,NA,68,34,NA,68,178,NA,NA,0.2565742714996446,NA,NA,NA,NA,NA,0.0009422584049449724,NA,0.2431921156488024,3,NA,0.8638743455497382,NA,NA,0.8737839922374521,NA,NA,118,NA,NA,NA,0.0009422584049449724,NA,NA
logistics-12-0,240,43,NA,NA,NA,16.375,NA,NA,NA,28,0.24674163783160322,NA,NA,16,NA,0.027878761291503906,40,NA,NA,NA,NA,NA,NA,NA,NA,NA,NA,NA,NA,NA,68,34,NA,68,178,NA,NA,0.2565742714996446,NA,NA,NA,NA,NA,0.0009422584049449724,NA,0.2431921156488025,3,NA,0.8638743455497382,NA,NA,0.8737839922374521,NA,NA,118,NA,NA,NA,0.0009422584049449724,NA,NA
logistics-12-1,250,74,NA,NA,NA,16.375,NA,NA,NA,28,0.24674163783160322,NA,NA,16,NA,0.028226137161254883,40,NA,NA,NA,NA,NA,NA,NA,NA,NA,NA,NA,NA,NA,68,34,NA,68,178,NA,NA,0.2565742714996446,NA,NA,NA,NA,NA,0.0009422584049449724,NA,0.2431921156488025,3,NA,0.8638743455497382,NA,NA,0.8737839922374521,NA,NA,118,NA,NA,NA,0.0009422584049449724,NA,NA
logistics-13-0,270,83,NA,100.000000,0.816092,25.32,NA,NA,NA,40,0.432820512820513,2,100.000000,25,0.816092,0.48612189292907715,80,NA,NA,2,2,NA,NA,NA,2,NA,NA,NA,30,NA,120,60,NA,120,740,30,2,0.22085084033613445,NA,2,NA,NA,NA,0.0004246999261954395,NA,0.1392976800428092,3,355,0.8974970202622169,NA,NA,0.7069077228550517,NA,100.000000,293,NA,355,NA,0.0004246999261954396,100.000000,NA
logistics-13-1,250,66,NA,100.000000,0.816092,25.32,NA,NA,NA,40,0.432820512820513,2,100.000000,25,0.816092,0.47019386291503906,80,NA,NA,2,2,NA,NA,NA,2,NA,NA,NA,30,NA,120,60,NA,120,740,30,2,0.22085084033613445,NA,2,NA,NA,NA,0.0004246999261954395,NA,0.1392976800428092,3,355,0.8974970202622169,NA,NA,0.7069077228550517,NA,100.000000,293,NA,355,NA,0.0004246999261954395,100.000000,NA
logistics-14-0,260,58,NA,100.000000,0.816092,25.32,NA,NA,NA,40,0.43282051282051304,2,100.000000,25,0.816092,0.4903290271759033,80,NA,NA,2,2,NA,NA,NA,2,NA,NA,NA,30,NA,120,60,NA,120,740,30,2,0.22085084033613445,NA,2,NA,NA,NA,0.0004246999261954395,NA,0.13929768004280924,3,355,0.8974970202622169,NA,NA,0.7069077228550517,NA,100.000000,293,NA,355,NA,0.0004246999261954396,100.000000,NA
logistics-14-1,250,76,NA,100.000000,0.816092,25.32,NA,NA,NA,40,0.43282051282051304,2,100.000000,25,0.816092,0.4959709644317627,80,NA,NA,2,2,NA,NA,NA,2,NA,NA,NA,30,NA,120,60,NA,120,740,30,2,0.22085084033613445,NA,2,NA,NA,NA,0.0004246999261954395,NA,0.1392976800428092,3,355,0.8974970202622169,NA,NA,0.7069077228550517,NA,100.000000,293,NA,355,NA,0.0004246999261954396,100.000000,NA
logistics-15-0,260,82,NA,100.000000,0.816092,25.32,NA,NA,NA,40,0.43282051282051304,2,100.000000,25,0.816092,0.48938608169555664,80,NA,NA,2,2,NA,NA,NA,2,NA,NA,NA,30,NA,120,60,NA,120,740,30,2,0.22085084033613445,NA,2,NA,NA,NA,0.0004246999261954395,NA,0.1392976800428092,3,355,0.8974970202622169,NA,NA,0.7069077228550517,NA,100.000000,293,NA,355,NA,0.0004246999261954396,100.000000,NA
logistics-15-1,260,71,NA,100.000000,0.816092,25.32,NA,NA,NA,40,0.432820512820513,2,100.000000,25,0.816092,0.49205994606018066,80,NA,NA,2,2,NA,NA,NA,2,NA,NA,NA,30,NA,120,60,NA,120,740,30,2,0.22085084033613445,NA,2,NA,NA,NA,0.0004246999261954395,NA,0.1392976800428092,3,355,0.8974970202622169,NA,NA,0.7069077228550517,NA,100.000000,293,NA,355,NA,0.0004246999261954396,100.000000,NA
logistics-16-0,104,90,NA,100.000000,0.825784,36.27777777777778,NA,NA,NA,48,0.4776878526878522,2,100.000000,36,0.825784,1.2060182094573975,108,NA,NA,2,2,NA,NA,NA,2,NA,NA,NA,42,NA,156,78,NA,156,1458,42,2,0.2410035842293907,NA,2,NA,NA,NA,0.00032762935988742413,NA,0.1167945907020011,3,711,0.9215686274509803,NA,NA,0.6400198336179844,NA,100.000000,616,NA,711,NA,0.00032762935988742446,100.000000,NA
logistics-16-1,84,85,NA,100.000000,0.825784,36.27777777777778,NA,NA,NA,48,0.4776878526878521,2,100.000000,36,0.825784,1.2264461517333984,108,NA,NA,2,2,NA,NA,NA,2,NA,NA,NA,42,NA,156,78,NA,156,1458,42,2,0.2410035842293907,NA,2,NA,NA,NA,0.00032762935988742413,NA,0.11679459070200109,3,711,0.9215686274509803,NA,NA,0.6400198336179844,NA,100.000000,616,NA,711,NA,0.00032762935988742446,100.000000,NA
logistics-17-0,94,96,NA,100.000000,0.825784,36.27777777777778,NA,NA,NA,48,0.4776878526878521,2,100.000000,36,0.825784,1.2272071838378906,108,NA,NA,2,2,NA,NA,NA,2,NA,NA,NA,42,NA,156,78,NA,156,1458,42,2,0.2410035842293907,NA,2,NA,NA,NA,0.00032762935988742413,NA,0.1167945907020011,3,711,0.9215686274509803,NA,NA,0.6400198336179844,NA,100.000000,616,NA,711,NA,0.00032762935988742446,100.000000,NA
logistics-17-1,94,97,NA,100.000000,0.825784,36.27777777777778,NA,NA,NA,48,0.4776878526878522,2,100.000000,36,0.825784,1.2081959247589111,108,NA,NA,2,2,NA,NA,NA,2,NA,NA,NA,42,NA,156,78,NA,156,1458,42,2,0.2410035842293907,NA,2,NA,NA,NA,0.00032762935988742413,NA,0.11679459070200109,3,711,0.9215686274509803,NA,NA,0.6400198336179844,NA,100.000000,616,NA,711,NA,0.00032762935988742446,100.000000,NA
logistics-18-0,94,120,NA,100.000000,0.825784,36.27777777777778,NA,NA,NA,48,0.4776878526878522,2,100.000000,36,0.825784,1.2389140129089355,108,NA,NA,2,2,NA,NA,NA,2,NA,NA,NA,42,NA,156,78,NA,156,1458,42,2,0.2410035842293907,NA,2,NA,NA,NA,0.00032762935988742413,NA,0.1167945907020011,3,711,0.9215686274509803,NA,NA,0.6400198336179844,NA,100.000000,616,NA,711,NA,0.00032762935988742446,100.000000,NA
logistics-18-1,84,81,NA,100.000000,0.825784,36.27777777777778,NA,NA,NA,48,0.4776878526878522,2,100.000000,36,0.825784,1.2406299114227295,108,NA,NA,2,2,NA,NA,NA,2,NA,NA,NA,42,NA,156,78,NA,156,1458,42,2,0.2410035842293907,NA,2,NA,NA,NA,0.00032762935988742413,NA,0.1167945907020011,3,711,0.9215686274509803,NA,NA,0.6400198336179844,NA,100.000000,616,NA,711,NA,0.00032762935988742446,100.000000,NA
logistics-19-0,94,103,NA,100.000000,0.836364,49.244897959183675,NA,NA,NA,56,0.5164835558283466,2,100.000000,49,0.836364,2.809345006942749,140,NA,NA,2,2,NA,NA,NA,2,NA,NA,NA,56,NA,196,98,NA,196,2618,56,2,0.2585470085470085,NA,2,NA,NA,NA,0.0002567878856538649,NA,0.10043652825798224,3,1288,0.9385995170748535,NA,NA,0.5895559654181126,NA,100.000000,1153,NA,1288,NA,0.0002567878856538651,100.000000,NA
logistics-19-1,94,93,NA,100.000000,0.836364,49.244897959183675,NA,NA,NA,56,0.5164835558283465,2,100.000000,49,0.836364,2.735121965408325,140,NA,NA,2,2,NA,NA,NA,2,NA,NA,NA,56,NA,196,98,NA,196,2618,56,2,0.2585470085470085,NA,2,NA,NA,NA,0.0002567878856538649,NA,0.10043652825798224,3,1288,0.9385995170748535,NA,NA,0.5895559654181126,NA,100.000000,1153,NA,1288,NA,0.0002567878856538651,100.000000,NA
logistics-20-0,104,111,NA,100.000000,0.836364,49.244897959183675,NA,NA,NA,56,0.5164835558283465,2,100.000000,49,0.836364,2.732279062271118,140,NA,NA,2,2,NA,NA,NA,2,NA,NA,NA,56,NA,196,98,NA,196,2618,56,2,0.2585470085470085,NA,2,NA,NA,NA,0.0002567878856538649,NA,0.10043652825798224,3,1288,0.9385995170748535,NA,NA,0.5895559654181126,NA,100.000000,1153,NA,1288,NA,0.0002567878856538651,100.000000,NA
logistics-20-1,94,106,NA,100.000000,0.836364,49.244897959183675,NA,NA,NA,56,0.5164835558283465,2,100.000000,49,0.836364,2.754354953765869,140,NA,NA,2,2,NA,NA,NA,2,NA,NA,NA,56,NA,196,98,NA,196,2618,56,2,0.2585470085470085,NA,2,NA,NA,NA,0.0002567878856538649,NA,0.10043652825798234,3,1288,0.9385995170748535,NA,NA,0.5895559654181126,NA,100.000000,1153,NA,1288,NA,0.0002567878856538651,100.000000,NA
logistics-21-0,94,116,NA,100.000000,0.836364,49.244897959183675,NA,NA,NA,56,0.5164835558283465,2,100.000000,49,0.836364,2.7331299781799316,140,NA,NA,2,2,NA,NA,NA,2,NA,NA,NA,56,NA,196,98,NA,196,2618,56,2,0.2585470085470085,NA,2,NA,NA,NA,0.0002567878856538649,NA,0.10043652825798229,3,1288,0.9385995170748535,NA,NA,0.5895559654181126,NA,100.000000,1153,NA,1288,NA,0.0002567878856538651,100.000000,NA
logistics-21-1,194,104,NA,100.000000,0.836364,49.244897959183675,NA,NA,NA,56,0.5164835558283466,2,100.000000,49,0.836364,2.831350803375244,140,NA,NA,2,2,NA,NA,NA,2,NA,NA,NA,56,NA,196,98,NA,196,2618,56,2,0.2585470085470085,NA,2,NA,NA,NA,0.0002567878856538649,NA,0.10043652825798233,3,1288,0.9385995170748535,NA,NA,0.5895559654181126,NA,100.000000,1153,NA,1288,NA,0.0002567878856538651,100.000000,NA
logistics-22-0,94,116,NA,100.000000,0.846635,64.21875,NA,NA,NA,64,0.5501298238798251,2,100.000000,64,0.846635,5.8875861167907715,176,NA,NA,2,2,NA,NA,NA,2,NA,NA,NA,72,NA,240,120,NA,240,4376,72,2,0.2739227299896756,NA,2,NA,NA,NA,0.00020449971768180526,NA,0.08804650731696918,3,2164,0.95085381091212,NA,NA,0.5514321883423515,NA,100.000000,1982,NA,2164,NA,0.00020449971768180536,100.000000,NA
logistics-22-1,104,114,NA,100.000000,0.846635,64.21875,NA,NA,NA,64,0.5501298238798251,2,100.000000,64,0.846635,5.922893047332764,176,NA,NA,2,2,NA,NA,NA,2,NA,NA,NA,72,NA,240,120,NA,240,4376,72,2,0.2739227299896756,NA,2,NA,NA,NA,0.00020449971768180526,NA,0.0880465073169692,3,2164,0.95085381091212,NA,NA,0.5514321883423515,NA,100.000000,1982,NA,2164,NA,0.00020449971768180536,100.000000,NA
logistics-23-0,104,119,NA,100.000000,0.846635,64.21875,NA,NA,NA,64,0.5501298238798251,2,100.000000,64,0.846635,5.9157021045684814,176,NA,NA,2,2,NA,NA,NA,2,NA,NA,NA,72,NA,240,120,NA,240,4376,72,2,0.2739227299896756,NA,2,NA,NA,NA,0.00020449971768180526,NA,0.0880465073169692,3,2164,0.95085381091212,NA,NA,0.5514321883423515,NA,100.000000,1982,NA,2164,NA,0.00020449971768180536,100.000000,NA
logistics-23-1,94,104,NA,100.000000,0.846635,64.21875,NA,NA,NA,64,0.5501298238798251,2,100.000000,64,0.846635,5.784725904464722,176,NA,NA,2,2,NA,NA,NA,2,NA,NA,NA,72,NA,240,120,NA,240,4376,72,2,0.2739227299896756,NA,2,NA,NA,NA,0.00020449971768180526,NA,0.08804650731696918,3,2164,0.95085381091212,NA,NA,0.5514321883423515,NA,100.000000,1982,NA,2164,NA,0.00020449971768180536,100.000000,NA
logistics-24-0,104,136,NA,100.000000,0.846635,64.21875,NA,NA,NA,64,0.5501298238798251,2,100.000000,64,0.846635,5.850939750671387,176,NA,NA,2,2,NA,NA,NA,2,NA,NA,NA,72,NA,240,120,NA,240,4376,72,2,0.2739227299896756,NA,2,NA,NA,NA,0.00020449971768180526,NA,0.0880465073169692,3,2164,0.95085381091212,NA,NA,0.5514321883423515,NA,100.000000,1982,NA,2164,NA,0.00020449971768180536,100.000000,NA
logistics-24-1,104,146,NA,100.000000,0.846635,64.21875,NA,NA,NA,64,0.5501298238798251,2,100.000000,64,0.846635,5.905062913894653,176,NA,NA,2,2,NA,NA,NA,2,NA,NA,NA,72,NA,240,120,NA,240,4376,72,2,0.2739227299896756,NA,2,NA,NA,NA,0.00020449971768180526,NA,0.0880465073169692,3,2164,0.95085381091212,NA,NA,0.5514321883423515,NA,100.000000,1982,NA,2164,NA,0.00020449971768180536,100.000000,NA
logistics-25-0,114,152,NA,100.000000,0.856180,81.19753086419753,NA,0.856180,NA,81,0.6622790037424163,2,100.000000,81,0.856180,17.38829493522644,297,NA,NA,2,2,100.000000,NA,100.000000,2,NA,NA,90,90,2,378,189,2,378,10341,90,2,0.21886052166224582,NA,2,3429,NA,NA,9.571118193738559e-05,2,0.06397505375845859,3,3429,0.9598777733492759,NA,NA,0.4650801170123404,NA,100.000000,3193,NA,3429,NA,9.571118193738561e-05,100.000000,NA
logistics-25-1,114,154,NA,100.000000,0.856180,81.19753086419753,NA,0.856180,NA,81,0.6622790037424163,2,100.000000,81,0.856180,17.36470103263855,297,NA,NA,2,2,100.000000,NA,100.000000,2,NA,NA,90,90,2,378,189,2,378,10341,90,2,0.21886052166224582,NA,2,3429,NA,NA,9.571118193738559e-05,2,0.0639750537584586,3,3429,0.9598777733492759,NA,NA,0.4650801170123404,NA,100.000000,3193,NA,3429,NA,9.571118193738561e-05,100.000000,NA
logistics-26-0,104,141,NA,100.000000,0.856180,81.19753086419753,NA,0.856180,NA,81,0.6622790037424163,2,100.000000,81,0.856180,16.705044984817505,297,NA,NA,2,2,100.000000,NA,100.000000,2,NA,NA,90,90,2,378,189,2,378,10341,90,2,0.21886052166224582,NA,2,3429,NA,NA,9.571118193738559e-05,2,0.06397505375845865,3,3429,0.9598777733492759,NA,NA,0.4650801170123404,NA,100.000000,3193,NA,3429,NA,9.571118193738561e-05,100.000000,NA
logistics-26-1,104,162,NA,100.000000,0.856180,81.19753086419753,NA,0.856180,NA,81,0.6622790037424162,2,100.000000,81,0.856180,17.27399230003357,297,NA,NA,2,2,100.000000,NA,100.000000,2,NA,NA,90,90,2,378,189,2,378,10341,90,2,0.21886052166224582,NA,2,3429,NA,NA,9.571118193738559e-05,2,0.06397505375845865,3,3429,0.9598777733492759,NA,NA,0.4650801170123404,NA,100.000000,3193,NA,3429,NA,9.571118193738561e-05,100.000000,NA
logistics-27-0,104,149,NA,100.000000,0.856180,81.19753086419753,NA,0.856180,NA,81,0.6622790037424161,2,100.000000,81,0.856180,16.963282823562622,297,NA,NA,2,2,100.000000,NA,100.000000,2,NA,NA,90,90,2,378,189,2,378,10341,90,2,0.21886052166224582,NA,2,3429,NA,NA,9.571118193738559e-05,2,0.06397505375845865,3,3429,0.9598777733492759,NA,NA,0.4650801170123404,NA,100.000000,3193,NA,3429,NA,9.571118193738561e-05,100.000000,NA
logistics-27-1,114,142,NA,100.000000,0.856180,81.19753086419753,NA,0.856180,NA,81,0.6622790037424163,2,100.000000,81,0.856180,17.189364910125732,297,NA,NA,2,2,100.000000,NA,100.000000,2,NA,NA,90,90,2,378,189,2,378,10341,90,2,0.21886052166224582,NA,2,3429,NA,NA,9.571118193738559e-05,2,0.0639750537584586,3,3429,0.9598777733492759,NA,NA,0.4650801170123404,NA,100.000000,3193,NA,3429,NA,9.571118193738561e-05,100.000000,NA
logistics-28-0,114,176,NA,100.000000,0.864887,100.18,NA,0.864887,NA,90,0.686010772505824,2,100.000000,100,0.864887,31.655689001083374,360,NA,NA,2,2,100.000000,NA,100.000000,2,NA,NA,110,110,2,450,225,2,450,15615,110,2,0.22616260255458473,NA,2,5185,NA,NA,7.712717603745264e-05,2,0.0576199462558235,3,5185,0.9666784828075151,NA,NA,0.44730319939801794,NA,100.000000,4888,NA,5185,NA,7.712717603745268e-05,100.000000,NA
logistics-28-1,114,161,NA,100.000000,0.864887,100.18,NA,0.864887,NA,90,0.6860107725058241,2,100.000000,100,0.864887,31.833046913146973,360,NA,NA,2,2,100.000000,NA,100.000000,2,NA,NA,110,110,2,450,225,2,450,15615,110,2,0.22616260255458473,NA,2,5185,NA,NA,7.712717603745264e-05,2,0.05761994625582349,3,5185,0.9666784828075151,NA,NA,0.44730319939801794,NA,100.000000,4888,NA,5185,NA,7.712717603745268e-05,100.000000,NA
logistics-29-0,124,192,NA,100.000000,0.864887,100.18,NA,0.864887,NA,90,0.686010772505824,2,100.000000,100,0.864887,31.65124011039734,360,NA,NA,2,2,100.000000,NA,100.000000,2,NA,NA,110,110,2,450,225,2,450,15615,110,2,0.22616260255458473,NA,2,5185,NA,NA,7.712717603745264e-05,2,0.0576199462558235,3,5185,0.9666784828075151,NA,NA,0.44730319939801794,NA,100.000000,4888,NA,5185,NA,7.712717603745268e-05,100.000000,NA
logistics-29-1,114,160,NA,100.000000,0.864887,100.18,NA,0.864887,NA,90,0.686010772505824,2,100.000000,100,0.864887,31.40430784225464,360,NA,NA,2,2,100.000000,NA,100.000000,2,NA,NA,110,110,2,450,225,2,450,15615,110,2,0.22616260255458473,NA,2,5185,NA,NA,7.712717603745264e-05,2,0.05761994625582349,3,5185,0.9666784828075151,NA,NA,0.44730319939801794,NA,100.000000,4888,NA,5185,NA,7.712717603745268e-05,100.000000,NA
logistics-30-0,234,183,NA,100.000000,0.864887,100.18,NA,0.864887,NA,90,0.686010772505824,2,100.000000,100,0.864887,32.009336948394775,360,NA,NA,2,2,100.000000,NA,100.000000,2,NA,NA,110,110,2,450,225,2,450,15615,110,2,0.22616260255458473,NA,2,5185,NA,NA,7.712717603745264e-05,2,0.0576199462558235,3,5185,0.9666784828075151,NA,NA,0.44730319939801794,NA,100.000000,4888,NA,5185,NA,7.712717603745268e-05,100.000000,NA
logistics-30-1,124,193,NA,100.000000,0.864887,100.18,NA,0.864887,NA,90,0.6860107725058241,2,100.000000,100,0.864887,30.983837842941284,360,NA,NA,2,2,100.000000,NA,100.000000,2,NA,NA,110,110,2,450,225,2,450,15615,110,2,0.22616260255458473,NA,2,5185,NA,NA,7.712717603745264e-05,2,0.0576199462558235,3,5185,0.9666784828075151,NA,NA,0.44730319939801794,NA,100.000000,4888,NA,5185,NA,7.712717603745268e-05,100.000000,NA
logistics-31-0,124,190,NA,100.000000,0.872774,121.16528925619835,NA,0.872774,NA,99,0.7066661094382128,2,100.000000,121,0.872774,56.88135004043579,429,NA,NA,2,2,100.000000,NA,100.000000,2,NA,NA,132,132,2,528,264,2,528,22704,132,2,0.23259690973163458,NA,2,7546,NA,NA,6.302391660675368e-05,2,0.05240767104950253,3,7546,0.9719139020052738,NA,NA,0.4335309852218853,NA,100.000000,7181,NA,7546,NA,6.302391660675368e-05,100.000000,NA
logistics-31-1,134,186,NA,100.000000,0.872774,121.16528925619835,NA,0.872774,NA,99,0.7066661094382128,2,100.000000,121,0.872774,53.766998052597046,429,NA,NA,2,2,100.000000,NA,100.000000,2,NA,NA,132,132,2,528,264,2,528,22704,132,2,0.23259690973163458,NA,2,7546,NA,NA,6.302391660675371e-05,2,0.0524076710495023,3,7546,0.9719139020052738,NA,NA,0.4335309852218853,NA,100.000000,7181,NA,7546,NA,6.302391660675368e-05,100.000000,NA
logistics-32-0,124,190,NA,100.000000,0.872774,121.16528925619835,NA,0.872774,NA,99,0.7066661094382128,2,100.000000,121,0.872774,53.28897523880005,429,NA,NA,2,2,100.000000,NA,100.000000,2,NA,NA,132,132,2,528,264,2,528,22704,132,2,0.23259690973163458,NA,2,7546,NA,NA,6.302391660675368e-05,2,0.05240767104950254,3,7546,0.9719139020052738,NA,NA,0.4335309852218853,NA,100.000000,7181,NA,7546,NA,6.302391660675368e-05,100.000000,NA
logistics-32-1,134,195,NA,100.000000,0.872774,121.16528925619835,NA,0.872774,NA,99,0.7066661094382127,2,100.000000,121,0.872774,54.29463982582092,429,NA,NA,2,2,100.000000,NA,100.000000,2,NA,NA,132,132,2,528,264,2,528,22704,132,2,0.23259690973163458,NA,2,7546,NA,NA,6.30239166067537e-05,2,0.052407671049502544,3,7546,0.9719139020052738,NA,NA,0.4335309852218853,NA,100.000000,7181,NA,7546,NA,6.302391660675368e-05,100.000000,NA
logistics-33-0,124,195,NA,100.000000,0.872774,121.16528925619835,NA,0.872774,NA,99,0.7066661094382128,2,100.000000,121,0.872774,53.716245889663696,429,NA,NA,2,2,100.000000,NA,100.000000,2,NA,NA,132,132,2,528,264,2,528,22704,132,2,0.23259690973163458,NA,2,7546,NA,NA,6.302391660675371e-05,2,0.052407671049502544,3,7546,0.9719139020052738,NA,NA,0.4335309852218853,NA,100.000000,7181,NA,7546,NA,6.30239166067537e-05,100.000000,NA
logistics-33-1,134,209,NA,100.000000,0.872774,121.16528925619835,NA,0.872774,NA,99,0.7066661094382128,2,100.000000,121,0.872774,53.29907512664795,429,NA,NA,2,2,100.000000,NA,100.000000,2,NA,NA,132,132,2,528,264,2,528,22704,132,2,0.23259690973163458,NA,2,7546,NA,NA,6.302391660675368e-05,2,0.05240767104950254,3,7546,0.9719139020052738,NA,NA,0.4335309852218853,NA,100.000000,7181,NA,7546,NA,6.302391660675368e-05,100.000000,NA
logistics-34-0,134,210,NA,100.000000,0.879901,144.15277777777777,NA,0.879901,NA,108,0.7247942537913846,2,100.000000,144,0.879901,89.6211371421814,504,NA,NA,2,2,100.000000,NA,100.000000,2,NA,NA,156,156,2,612,306,2,612,31986,156,2,0.23830779149928089,NA,2,10638,NA,NA,5.214062765510267e-05,2,0.04805689211301575,3,10638,0.9760217029841604,NA,NA,0.4225993146769455,NA,100.000000,10198,NA,10638,NA,5.214062765510255e-05,100.000000,NA
logistics-34-1,134,202,NA,100.000000,0.879901,144.15277777777777,NA,0.879901,NA,108,0.7247942537913847,2,100.000000,144,0.879901,89.26944279670715,504,NA,NA,2,2,100.000000,NA,100.000000,2,NA,NA,156,156,2,612,306,2,612,31986,156,2,0.23830779149928089,NA,2,10638,NA,NA,5.214062765510267e-05,2,0.04805689211301573,3,10638,0.9760217029841604,NA,NA,0.4225993146769455,NA,100.000000,10198,NA,10638,NA,5.2140627655102546e-05,100.000000,NA
logistics-35-0,134,186,NA,100.000000,0.879901,144.15277777777777,NA,0.879901,NA,108,0.7247942537913847,2,100.000000,144,0.879901,85.4383659362793,504,NA,NA,2,2,100.000000,NA,100.000000,2,NA,NA,156,156,2,612,306,2,612,31986,156,2,0.23830779149928089,NA,2,10638,NA,NA,5.214062765510269e-05,2,0.04805689211301573,3,10638,0.9760217029841604,NA,NA,0.4225993146769455,NA,100.000000,10198,NA,10638,NA,5.2140627655102546e-05,100.000000,NA
logistics-35-1,134,202,NA,100.000000,0.879901,144.15277777777777,NA,0.879901,NA,108,0.7247942537913847,2,100.000000,144,0.879901,86.31639194488525,504,NA,NA,2,2,100.000000,NA,100.000000,2,NA,NA,156,156,2,612,306,2,612,31986,156,2,0.23830779149928089,NA,2,10638,NA,NA,5.214062765510267e-05,2,0.048056892113015746,3,10638,0.9760217029841604,NA,NA,0.4225993146769455,NA,100.000000,10198,NA,10638,NA,5.2140627655102546e-05,100.000000,NA
logistics-36-0,134,204,NA,100.000000,0.879901,144.15277777777777,NA,0.879901,NA,108,0.7247942537913847,2,100.000000,144,0.879901,86.18753027915955,504,NA,NA,2,2,100.000000,NA,100.000000,2,NA,NA,156,156,2,612,306,2,612,31986,156,2,0.23830779149928089,NA,2,10638,NA,NA,5.214062765510267e-05,2,0.048056892113015746,3,10638,0.9760217029841604,NA,NA,0.4225993146769455,NA,100.000000,10198,NA,10638,NA,5.2140627655102546e-05,100.000000,NA
logistics-36-1,134,218,NA,100.000000,0.879901,144.15277777777777,NA,0.879901,NA,108,0.7247942537913847,2,100.000000,144,0.879901,87.58419823646545,504,NA,NA,2,2,100.000000,NA,100.000000,2,NA,NA,156,156,2,612,306,2,612,31986,156,2,0.23830779149928089,NA,2,10638,NA,NA,5.214062765510265e-05,2,0.04805689211301574,3,10638,0.9760217029841604,NA,NA,0.4225993146769455,NA,100.000000,10198,NA,10638,NA,5.2140627655102546e-05,100.000000,NA
logistics-37-0,294,235,100.000000,100.000000,0.886346,169.14201183431953,NA,0.886346,14599,130,0.7844033605013084,2,100.000000,169,0.886346,182.1889181137085,754,2,NA,2,2,100.000000,NA,100.000000,2,NA,0.886346,182,182,2,884,442,2,884,58474,182,2,0.1932391940354851,2,2,14599,2,NA,2.7480154751901507e-05,2,0.03842653426735764,3,14599,0.9792995161342006,NA,NA,0.39137350524404685,NA,100.000000,14077,182,14599,NA,2.7480154751901504e-05,100.000000,100.000000
logistics-37-1,144,236,100.000000,100.000000,0.886346,169.14201183431953,NA,0.886346,14599,130,0.7844033605013083,2,100.000000,169,0.886346,181.85087299346924,754,2,NA,2,2,100.000000,NA,100.000000,2,NA,0.886346,182,182,2,884,442,2,884,58474,182,2,0.1932391940354851,2,2,14599,2,NA,2.7480154751901514e-05,2,0.03842653426735764,3,14599,0.9792995161342006,NA,NA,0.39137350524404685,NA,100.000000,14077,182,14599,NA,2.7480154751901507e-05,100.000000,100.000000
logistics-38-0,144,222,100.000000,100.000000,0.886346,169.14201183431953,NA,0.886346,14599,130,0.7844033605013083,2,100.000000,169,0.886346,246.85285210609436,754,2,NA,2,2,100.000000,NA,100.000000,2,NA,0.886346,182,182,2,884,442,2,884,58474,182,2,0.1932391940354851,2,2,14599,2,NA,2.7480154751901507e-05,2,0.03842653426735764,3,14599,0.9792995161342006,NA,NA,0.39137350524404685,NA,100.000000,14077,182,14599,NA,2.7480154751901504e-05,100.000000,100.000000
logistics-38-1,144,221,100.000000,100.000000,0.886346,169.14201183431953,NA,0.886346,14599,130,0.7844033605013083,2,100.000000,169,0.886346,3510.5892281532288,754,2,NA,2,2,100.000000,NA,100.000000,2,NA,0.886346,182,182,2,884,442,2,884,58474,182,2,0.1932391940354851,2,2,14599,2,NA,2.7480154751901507e-05,2,0.03842653426735764,3,14599,0.9792995161342006,NA,NA,0.39137350524404685,NA,100.000000,14077,182,14599,NA,2.74801547519015e-05,100.000000,100.000000
logistics-39-0,154,241,100.000000,100.000000,0.886346,169.14201183431953,NA,0.886346,14599,130,0.7844033605013084,2,100.000000,169,0.886346,226.63786816596985,754,2,NA,2,2,100.000000,NA,100.000000,2,NA,0.886346,182,182,2,884,442,2,884,58474,182,2,0.1932391940354851,2,2,14599,2,NA,2.7480154751901514e-05,2,0.038426534267357634,3,14599,0.9792995161342006,NA,NA,0.39137350524404685,NA,100.000000,14077,182,14599,NA,2.7480154751901504e-05,100.000000,100.000000
logistics-39-1,144,229,100.000000,100.000000,0.886346,169.14201183431953,NA,0.886346,14599,130,0.7844033605013083,2,100.000000,169,0.886346,227.80325508117676,754,2,NA,2,2,100.000000,NA,100.000000,2,NA,0.886346,182,182,2,884,442,2,884,58474,182,2,0.1932391940354851,2,2,14599,2,NA,2.7480154751901514e-05,2,0.038426534267357634,3,14599,0.9792995161342006,NA,NA,0.39137350524404685,NA,100.000000,14077,182,14599,NA,2.7480154751901507e-05,100.000000,100.000000
logistics-4-0,50,20,NA,NA,NA,4.5,NA,NA,NA,14,0.16444444444444445,NA,NA,4,NA,0.009660005569458008,16,NA,NA,NA,NA,NA,NA,NA,NA,NA,NA,NA,NA,NA,30,15,NA,30,25,NA,NA,0.1724137931034483,NA,NA,NA,NA,NA,0.0012315270935960591,NA,0.45440134904099194,3,NA,0.8181818181818182,NA,NA,0.9463519313304718,NA,NA,8,NA,NA,NA,0.0012315270935960591,NA,NA
logistics-4-1,60,19,NA,NA,NA,4.5,NA,NA,NA,14,0.16444444444444445,NA,NA,4,NA,0.009556055068969727,16,NA,NA,NA,NA,NA,NA,NA,NA,NA,NA,NA,NA,NA,30,15,NA,30,25,NA,NA,0.1724137931034483,NA,NA,NA,NA,NA,0.0012315270935960591,NA,0.45440134904099194,3,NA,0.8181818181818182,NA,NA,0.9463519313304718,NA,NA,8,NA,NA,NA,0.0012315270935960591,NA,NA
logistics-4-2,60,15,NA,NA,NA,4.5,NA,NA,NA,14,0.16444444444444445,NA,NA,4,NA,0.009253978729248047,16,NA,NA,NA,NA,NA,NA,NA,NA,NA,NA,NA,NA,NA,30,15,NA,30,25,NA,NA,0.1724137931034483,NA,NA,NA,NA,NA,0.0012315270935960591,NA,0.45440134904099194,3,NA,0.8181818181818182,NA,NA,0.9463519313304718,NA,NA,8,NA,NA,NA,0.0012315270935960591,NA,NA
logistics-5-0,50,27,NA,NA,NA,4.5,NA,NA,NA,14,0.16444444444444445,NA,NA,4,NA,0.008157968521118164,16,NA,NA,NA,NA,NA,NA,NA,NA,NA,NA,NA,NA,NA,30,15,NA,30,25,NA,NA,0.1724137931034483,NA,NA,NA,NA,NA,0.0012315270935960591,NA,0.45440134904099194,3,NA,0.8181818181818182,NA,NA,0.9463519313304718,NA,NA,8,NA,NA,NA,0.0012315270935960591,NA,NA
logistics-5-1,70,17,NA,NA,NA,4.5,NA,NA,NA,14,0.16444444444444445,NA,NA,4,NA,0.008059978485107422,16,NA,NA,NA,NA,NA,NA,NA,NA,NA,NA,NA,NA,NA,30,15,NA,30,25,NA,NA,0.1724137931034483,NA,NA,NA,NA,NA,0.0012315270935960591,NA,0.45440134904099194,3,NA,0.8181818181818182,NA,NA,0.9463519313304718,NA,NA,8,NA,NA,NA,0.0012315270935960591,NA,NA
logistics-5-2,10,8,NA,NA,NA,4.5,NA,NA,NA,14,0.16444444444444445,NA,NA,4,NA,0.008209943771362305,16,NA,NA,NA,NA,NA,NA,NA,NA,NA,NA,NA,NA,NA,30,15,NA,30,25,NA,NA,0.1724137931034483,NA,NA,NA,NA,NA,0.0012315270935960591,NA,0.45440134904099194,3,NA,0.8181818181818182,NA,NA,0.9463519313304718,NA,NA,8,NA,NA,NA,0.0012315270935960591,NA,NA
logistics-6-0,50,25,NA,NA,NA,4.5,NA,NA,NA,14,0.16444444444444445,NA,NA,4,NA,0.008072137832641602,16,NA,NA,NA,NA,NA,NA,NA,NA,NA,NA,NA,NA,NA,30,15,NA,30,25,NA,NA,0.1724137931034483,NA,NA,NA,NA,NA,0.0012315270935960591,NA,0.45440134904099194,3,NA,0.8181818181818182,NA,NA,0.9463519313304718,NA,NA,8,NA,NA,NA,0.0012315270935960591,NA,NA
logistics-6-1,60,14,NA,NA,NA,4.5,NA,NA,NA,14,0.16444444444444445,NA,NA,4,NA,0.008023738861083984,16,NA,NA,NA,NA,NA,NA,NA,NA,NA,NA,NA,NA,NA,30,15,NA,30,25,NA,NA,0.1724137931034483,NA,NA,NA,NA,NA,0.0012315270935960591,NA,0.45440134904099194,3,NA,0.8181818181818182,NA,NA,0.9463519313304718,NA,NA,8,NA,NA,NA,0.0012315270935960591,NA,NA
logistics-6-2,60,26,NA,NA,NA,4.5,NA,NA,NA,14,0.16444444444444445,NA,NA,4,NA,0.007965803146362305,16,NA,NA,NA,NA,NA,NA,NA,NA,NA,NA,NA,NA,NA,30,15,NA,30,25,NA,NA,0.1724137931034483,NA,NA,NA,NA,NA,0.0012315270935960591,NA,0.45440134904099194,3,NA,0.8181818181818182,NA,NA,0.9463519313304718,NA,NA,8,NA,NA,NA,0.0012315270935960591,NA,NA
logistics-6-3,90,24,NA,NA,NA,4.5,NA,NA,NA,14,0.16444444444444445,NA,NA,4,NA,0.008167028427124023,16,NA,NA,NA,NA,NA,NA,NA,NA,NA,NA,NA,NA,NA,30,15,NA,30,25,NA,NA,0.1724137931034483,NA,NA,NA,NA,NA,0.0012315270935960591,NA,0.45440134904099194,3,NA,0.8181818181818182,NA,NA,0.9463519313304718,NA,NA,8,NA,NA,NA,0.0012315270935960591,NA,NA
logistics-6-9,230,24,NA,12.500000,0.163121,15.833333333333334,NA,NA,NA,45,0.39050602613124114,5,37.500000,6,0.163121,0.4632558822631836,63,NA,NA,3,5,NA,NA,NA,5,NA,NA,NA,48,NA,108,54,NA,108,390,48,5,0.2789845920687042,NA,3,NA,NA,NA,0.03266044086402048,NA,0.23321545546218078,3,184,0.4058697208303508,NA,NA,0.09459088990213106,NA,12.500000,92,NA,184,NA,0.033092339193555906,37.500000,NA
logistics-7-0,1050,38,NA,NA,NA,9.444444444444445,NA,NA,NA,21,0.20297619047619045,NA,NA,9,NA,0.014030933380126953,27,NA,NA,NA,NA,NA,NA,NA,NA,NA,NA,NA,NA,NA,48,24,NA,48,72,NA,NA,0.21453900709219859,NA,NA,NA,NA,NA,0.0011453239945376857,NA,0.31580484021620947,3,NA,0.8231292517006803,NA,NA,0.9289300888373885,NA,NA,37,NA,NA,NA,0.0011453239945376855,NA,NA
logistics-7-1,1060,44,NA,NA,NA,9.444444444444445,NA,NA,NA,21,0.20297619047619045,NA,NA,9,NA,0.013403177261352539,27,NA,NA,NA,NA,NA,NA,NA,NA,NA,NA,NA,NA,NA,48,24,NA,48,72,NA,NA,0.21453900709219859,NA,NA,NA,NA,NA,0.0011453239945376857,NA,0.31580484021620947,3,NA,0.8231292517006803,NA,NA,0.9289300888373885,NA,NA,37,NA,NA,NA,0.0011453239945376855,NA,NA
logistics-8-0,390,31,NA,NA,NA,9.444444444444445,NA,NA,NA,21,0.20297619047619045,NA,NA,9,NA,0.014372825622558594,27,NA,NA,NA,NA,NA,NA,NA,NA,NA,NA,NA,NA,NA,48,24,NA,48,72,NA,NA,0.21453900709219859,NA,NA,NA,NA,NA,0.0011453239945376857,NA,0.31580484021620947,3,NA,0.8231292517006803,NA,NA,0.9289300888373885,NA,NA,37,NA,NA,NA,0.0011453239945376855,NA,NA
logistics-8-1,740,46,NA,NA,NA,9.444444444444445,NA,NA,NA,21,0.20297619047619045,NA,NA,9,NA,0.014072179794311523,27,NA,NA,NA,NA,NA,NA,NA,NA,NA,NA,NA,NA,NA,48,24,NA,48,72,NA,NA,0.21453900709219859,NA,NA,NA,NA,NA,0.0011453239945376857,NA,0.31580484021620947,3,NA,0.8231292517006803,NA,NA,0.9289300888373885,NA,NA,37,NA,NA,NA,0.0011453239945376855,NA,NA
logistics-9-0,370,36,NA,NA,NA,9.444444444444445,NA,NA,NA,21,0.20297619047619045,NA,NA,9,NA,0.01363682746887207,27,NA,NA,NA,NA,NA,NA,NA,NA,NA,NA,NA,NA,NA,48,24,NA,48,72,NA,NA,0.21453900709219859,NA,NA,NA,NA,NA,0.0011453239945376857,NA,0.31580484021620947,3,NA,0.8231292517006803,NA,NA,0.9289300888373885,NA,NA,37,NA,NA,NA,0.0011453239945376857,NA,NA
logistics-9-1,310,31,NA,NA,NA,9.444444444444445,NA,NA,NA,21,0.20297619047619045,NA,NA,9,NA,0.01384878158569336,27,NA,NA,NA,NA,NA,NA,NA,NA,NA,NA,NA,NA,NA,48,24,NA,48,72,NA,NA,0.21453900709219859,NA,NA,NA,NA,NA,0.0011453239945376857,NA,0.31580484021620947,3,NA,0.8231292517006803,NA,NA,0.9289300888373885,NA,NA,37,NA,NA,NA,0.0011453239945376855,NA,NA
BLOCKS-10-0,950,34,NA,NA,NA,19.86842105263158,NA,NA,NA,21,0.4722027872711204,NA,NA,14,0.420420,2.0913279056549072,30,NA,NA,NA,NA,NA,NA,NA,3,NA,NA,NA,NA,NA,51,27,NA,48,287,37,3,0.5514893617021276,NA,2,NA,NA,NA,0.061165603746216,NA,0.243035305250976,3,NA,0.6548191511603596,NA,NA,0.25610715386040983,NA,56.756757,180,NA,280,1.25,0.061791601136024485,43.243243,NA
BLOCKS-10-1,2039,40,NA,NA,NA,26.263157894736842,NA,NA,NA,25,0.5057852476669615,NA,NA,17,0.386525,2.832296848297119,35,NA,NA,NA,NA,NA,NA,NA,3,NA,NA,NA,NA,NA,60,30,NA,58,442,48,3,0.5760104302477184,NA,2,NA,NA,NA,0.05671287402919404,NA,0.2154713850469853,3,NA,0.6539907141277913,NA,NA,0.30920968469794274,NA,62.500000,266,NA,436,1.3636363636363638,0.05714632326840706,37.500000,NA
BLOCKS-10-2,1440,34,NA,NA,NA,19.86842105263158,NA,NA,NA,21,0.4722027872711204,NA,NA,14,0.420420,2.1507880687713623,30,NA,NA,NA,NA,NA,NA,NA,3,NA,NA,NA,NA,NA,51,27,NA,48,287,37,3,0.5514893617021276,NA,2,NA,NA,NA,0.061165603746216,NA,0.24303530525097605,3,NA,0.6548191511603596,NA,NA,0.25610715386040983,NA,56.756757,180,NA,280,1.1538461538461537,0.061791601136024485,43.243243,NA
BLOCKS-11-0,7950,50,NA,NA,NA,45.970588235294116,NA,NA,NA,34,0.637739838052728,NA,NA,33,0.394753,12.328354120254517,57,NA,NA,NA,NA,NA,NA,NA,3,NA,NA,NA,NA,NA,91,47,NA,90,1284,81,3,0.6406406406406405,NA,2,NA,NA,NA,0.04319333496721241,NA,0.15863211636701371,3,NA,0.7572887345647306,NA,NA,0.40405041290386773,NA,60.493827,887,NA,1279,1.2182741116751268,0.043616214391788616,39.506173,NA
BLOCKS-11-1,360,32,NA,NA,NA,71.75471698113208,NA,NA,NA,47,0.7362427678712736,NA,NA,56,0.402194,36.671218156814575,84,NA,NA,NA,NA,NA,NA,NA,3,NA,NA,NA,NA,NA,131,67,NA,130,3120,125,3,0.6836816362827923,NA,2,NA,NA,NA,0.03205082288877483,NA,0.12479143791852201,3,NA,0.8198512920912512,NA,NA,0.5078417567523845,NA,60.000000,2275,NA,3117,1.2328939108600125,0.03235463873432325,40.000000,NA
BLOCKS-11-2,89960,34,NA,NA,NA,26.263157894736842,NA,NA,NA,26,0.48946959451641436,NA,NA,17,0.386525,2.8754148483276367,36,NA,NA,NA,NA,NA,NA,NA,3,NA,NA,NA,NA,NA,62,31,NA,60,443,48,3,0.557124842370744,NA,2,NA,NA,NA,0.05302498768521913,NA,0.21547138504698532,3,NA,0.6539907141277913,NA,NA,0.3215049264545692,NA,62.500000,266,NA,436,1.4,0.05343025088100791,37.500000,NA
BLOCKS-12-0,626,36,NA,NA,NA,39.588235294117645,NA,NA,NA,32,0.5931255582700226,NA,NA,30,0.409658,9.656694650650024,53,NA,NA,NA,NA,NA,NA,NA,3,NA,NA,NA,NA,NA,85,44,NA,82,1025,71,3,0.6140350877192983,NA,2,NA,NA,NA,0.04355658200494443,NA,0.16907079250239038,3,NA,0.7491589752436816,NA,NA,0.3720783800374222,NA,56.338028,715,NA,1018,1.20625,0.044011514575712125,43.661972,NA
BLOCKS-12-1,1618,42,NA,NA,NA,24.5,NA,NA,NA,26,0.47879797326452134,NA,NA,17,0.392229,2.942847967147827,37,NA,NA,NA,NA,NA,NA,NA,3,NA,NA,NA,NA,NA,63,33,NA,62,432,47,3,0.5417306707629288,NA,2,NA,NA,NA,0.05101409676559206,NA,0.21614807866444302,3,NA,0.6612939841089671,NA,NA,0.32699684639830234,NA,61.702128,266,NA,424,1.2,0.05146136382249079,38.297872,NA
BLOCKS-4-0,590,10,NA,NA,NA,52.567567567567565,NA,NA,NA,25,0.7734223564268342,NA,NA,44,0.479675,NA,57,NA,NA,NA,NA,NA,NA,NA,3,NA,NA,NA,NA,NA,82,41,NA,82,1593,82,3,0.7641509433962265,NA,2,NA,NA,NA,0.013330688261159964,NA,0.1455637934285933,3,NA,0.8116013882002975,NA,NA,0.3355771833489501,NA,34.146341,1211,NA,1593,NA,0.013409594164789554,65.853659,NA
BLOCKS-4-1,50,10,NA,NA,NA,11.428571428571429,NA,NA,NA,11,0.52405883005883,NA,NA,7,0.442857,1.1900091171264648,14,NA,NA,NA,NA,NA,NA,NA,3,NA,NA,NA,NA,NA,25,14,NA,22,95,21,3,0.6666666666666667,NA,2,NA,NA,NA,0.1365201575799402,NA,0.3376734632839056,3,NA,0.5853658536585366,NA,NA,0.08487689903415048,NA,52.380952,58,NA,93,1.1304347826086958,0.137357791162139,47.619048,NA
BLOCKS-4-2,270,6,NA,NA,NA,37.03846153846154,NA,NA,NA,20,0.7168898578704382,NA,NA,27,0.440113,9.425174236297607,40,NA,NA,NA,NA,NA,NA,NA,3,NA,NA,NA,NA,NA,60,30,NA,60,779,60,3,0.7564102564102564,NA,2,NA,NA,NA,0.06922295181844111,NA,0.17984258806487838,3,NA,0.7476639447764963,NA,NA,0.248691151169595,NA,50.000000,558,NA,779,1.1522842639593909,0.07021111957398533,50.000000,NA
BLOCKS-5-0,830,12,NA,NA,NA,19.86842105263158,NA,NA,NA,16,0.587374198800662,NA,NA,14,0.420420,2.1668591499328613,25,NA,NA,NA,NA,NA,NA,NA,3,NA,NA,NA,NA,NA,41,22,NA,38,282,37,3,0.6893617021276596,NA,2,NA,NA,NA,0.0960613648578392,NA,0.243035305250976,3,NA,0.6548191511603596,NA,NA,0.1538407675981799,NA,56.756757,180,NA,280,1.1979166666666667,0.09704450178414102,43.243243,NA
BLOCKS-5-1,620,18,NA,NA,NA,37.11538461538461,NA,NA,NA,22,0.6865467574010755,NA,NA,27,0.432240,7.842058897018433,41,NA,NA,NA,NA,NA,NA,NA,3,NA,NA,NA,NA,NA,63,33,NA,60,792,61,3,0.7258064516129032,NA,2,NA,NA,NA,0.06896683429107392,NA,0.17973799502754084,3,NA,0.7433860232945092,NA,NA,0.2734104022699805,NA,50.819672,558,NA,791,1.1627906976744187,0.0697655192132041,49.180328,NA
BLOCKS-5-2,290,28,NA,NA,NA,11.428571428571429,NA,NA,NA,12,0.4852396574618797,NA,NA,7,0.442857,0.6454617977142334,15,NA,NA,NA,NA,NA,NA,NA,3,NA,NA,NA,NA,NA,27,15,NA,26,96,21,3,0.6153846153846154,NA,2,NA,NA,NA,0.11593711843711846,NA,0.3376734632839056,3,NA,0.5853658536585366,NA,NA,0.14149125936496684,NA,52.380952,58,NA,93,1.1666666666666665,0.11664846264846265,47.619048,NA
BLOCKS-6-0,530,36,NA,NA,NA,26.263157894736842,NA,NA,NA,21,0.5835983626926479,NA,NA,17,0.386525,2.930025100708008,31,NA,NA,NA,NA,NA,NA,NA,3,NA,NA,NA,NA,NA,52,26,NA,50,438,48,3,0.6663650075414781,NA,2,NA,NA,NA,0.07610645291290274,NA,0.21547138504698524,3,NA,0.6539907141277913,NA,NA,0.25455931922370884,NA,62.500000,266,NA,436,1.3636363636363638,0.07668812479391725,37.500000,NA
BLOCKS-6-1,510,18,NA,NA,NA,85.05,NA,NA,NA,40,0.8171975726698226,NA,NA,73,0.469003,NA,92,NA,NA,NA,NA,NA,NA,NA,3,NA,NA,NA,NA,NA,132,66,NA,130,4055,132,3,0.7528735632183908,NA,2,NA,NA,NA,0.03160256069239567,NA,0.11395539023913939,3,NA,0.8591608046237836,NA,NA,0.4818603768902197,NA,42.424242,3222,NA,4055,NA,0.032049467709941167,57.575758,NA
BLOCKS-6-2,640,32,NA,NA,NA,11.428571428571429,NA,NA,NA,13,0.4517748534989914,NA,NA,7,0.442857,0.6112298965454102,16,NA,NA,NA,NA,NA,NA,NA,3,NA,NA,NA,NA,NA,29,16,NA,26,97,21,3,0.5714285714285715,NA,2,NA,NA,NA,0.09968138489963889,NA,0.3376734632839055,3,NA,0.5853658536585366,NA,NA,0.19053643163104553,NA,52.380952,58,NA,93,1.1818181818181819,0.10029299037235545,47.619048,NA
BLOCKS-7-0,1070,22,NA,NA,NA,11.428571428571429,NA,NA,NA,14,0.42262808875712093,NA,NA,7,0.442857,0.6208860874176025,17,NA,NA,NA,NA,NA,NA,NA,3,NA,NA,NA,NA,NA,31,17,NA,28,98,21,3,0.5333333333333333,NA,2,NA,NA,NA,0.0866196861886517,NA,0.3376734632839055,3,NA,0.5853658536585366,NA,NA,0.23343527013251772,NA,52.380952,58,NA,93,1.0833333333333335,0.08715115025459853,47.619048,NA
BLOCKS-7-1,63870,56,NA,NA,NA,24.5,NA,NA,NA,21,0.5691372135031104,NA,NA,17,0.392229,2.902448892593384,32,NA,NA,NA,NA,NA,NA,NA,3,NA,NA,NA,NA,NA,53,28,NA,52,427,47,3,0.6459096459096458,NA,2,NA,NA,NA,0.07275087253675308,NA,0.216148078664443,3,NA,0.6612939841089671,NA,NA,0.2611579840117649,NA,61.702128,266,NA,424,1.25,0.0733887171857693,38.297872,NA
BLOCKS-7-2,182580,52,NA,NA,NA,24.5,NA,NA,NA,21,0.5691372135031103,NA,NA,17,0.392229,2.8598878383636475,32,NA,NA,NA,NA,NA,NA,NA,3,NA,NA,NA,NA,NA,53,28,NA,52,427,47,3,0.6459096459096458,NA,2,NA,NA,NA,0.07275087253675308,NA,0.21614807866444305,3,NA,0.6612939841089671,NA,NA,0.2611579840117649,NA,61.702128,266,NA,424,1.25,0.0733887171857693,38.297872,NA
BLOCKS-8-0,267,18,NA,NA,NA,62.644444444444446,NA,NA,NA,37,0.7368190151425713,NA,NA,50,0.427184,26.885329961776733,71,NA,NA,NA,NA,NA,NA,NA,3,NA,NA,NA,NA,NA,108,54,NA,108,2290,104,3,0.7082109479305742,NA,2,NA,NA,NA,0.039894453779928916,NA,0.13471611854458312,3,NA,0.8125257791489994,NA,NA,0.44389557589687345,NA,51.923077,1705,NA,2288,1.1949085123309469,0.04031931991719017,48.076923,NA
BLOCKS-8-1,77140,44,NA,NA,NA,62.6,NA,NA,NA,36,0.7399970749816851,NA,NA,50,0.431373,28.875672101974487,71,NA,NA,NA,NA,NA,NA,NA,3,NA,NA,NA,NA,NA,107,55,NA,106,2268,103,3,0.7112387202625102,NA,2,NA,NA,NA,0.040553306915164816,NA,0.13473519797840744,3,NA,0.8144120945300495,NA,NA,0.4360828517882428,NA,51.456311,1705,NA,2266,1.1697819314641746,0.04100846845787205,48.543689,NA
BLOCKS-8-2,14150,50,NA,NA,NA,85.08333333333333,NA,NA,NA,43,0.790626375038843,NA,NA,73,0.464912,NA,94,NA,NA,NA,NA,NA,NA,NA,3,NA,NA,NA,NA,NA,137,70,NA,134,4083,133,3,0.7279411764705882,NA,2,NA,NA,NA,0.03235377150442443,NA,0.1139501426729086,3,NA,0.8580601206400904,NA,NA,0.49252926669606717,NA,42.857143,3222,NA,4081,NA,0.03274637494877274,57.142857,NA
BLOCKS-9-0,290,30,NA,NA,NA,19.86842105263158,NA,NA,NA,20,0.4914763704250437,NA,NA,14,0.420420,NA,29,NA,NA,NA,NA,NA,NA,NA,3,NA,NA,NA,NA,NA,49,26,NA,48,286,37,3,0.574468085106383,NA,2,NA,NA,NA,0.06642541186978244,NA,0.24303530525097605,3,NA,0.6548191511603596,NA,NA,0.23794444949844315,NA,56.756757,180,NA,280,NA,0.06710524059541666,43.243243,NA
BLOCKS-9-1,458,36,NA,NA,NA,11.428571428571429,NA,NA,NA,16,0.3743277357563071,NA,NA,7,0.442857,0.615894079208374,19,NA,NA,NA,NA,NA,NA,NA,3,NA,NA,NA,NA,NA,35,19,NA,32,100,21,3,0.4705882352941177,NA,2,NA,NA,NA,0.06716499731205615,NA,0.3376734632839056,3,NA,0.5853658536585366,NA,NA,0.3049008189599387,NA,52.380952,58,NA,93,1.1111111111111112,0.06757709511720207,47.619048,NA
BLOCKS-9-2,380,44,NA,NA,NA,19.86842105263158,NA,NA,NA,20,0.4914763704250438,NA,NA,14,0.420420,NA,29,NA,NA,NA,NA,NA,NA,NA,3,NA,NA,NA,NA,NA,49,26,NA,48,286,37,3,0.574468085106383,NA,2,NA,NA,NA,0.06642541186978244,NA,0.243035305250976,3,NA,0.6548191511603596,NA,NA,0.23794444949844315,NA,56.756757,180,NA,280,NA,0.06710524059541666,43.243243,NA
BLOCKS-13-0,22316,72,NA,NA,NA,39.588235294117645,NA,NA,NA,33,0.5794904879649646,NA,NA,30,0.409658,9.386919021606445,54,NA,NA,NA,NA,NA,NA,NA,3,NA,NA,NA,NA,NA,87,45,NA,86,1026,71,3,0.5997552019583843,NA,2,NA,NA,NA,0.04154261145533142,NA,0.1690707925023904,3,NA,0.7491589752436816,NA,NA,0.37779768508545625,NA,56.338028,715,NA,1018,1.2,0.04197650884020041,43.661972,NA
BLOCKS-13-1,886960,44,NA,NA,NA,24.5,NA,NA,NA,27,0.46406572793330536,NA,NA,17,0.392229,3.040147066116333,38,NA,NA,NA,NA,NA,NA,NA,3,NA,NA,NA,NA,NA,65,34,NA,64,433,47,3,0.5248015873015873,NA,2,NA,NA,NA,0.047851020329233426,NA,0.21614807866444308,3,NA,0.6612939841089671,NA,NA,0.33862073089230693,NA,61.702128,266,NA,424,1.2611464968152866,0.048270555053735155,38.297872,NA
BLOCKS-14-0,2399,40,NA,NA,NA,39.31111111111111,NA,NA,NA,35,0.5634509534571933,NA,NA,30,0.404538,9.757400751113892,55,NA,NA,NA,NA,NA,NA,NA,3,NA,NA,NA,NA,NA,90,45,NA,90,1043,72,3,0.5839221591567241,NA,2,NA,NA,NA,0.03892005834064604,NA,0.16897632568632448,3,NA,0.7454638384870943,NA,NA,0.3916560587312746,NA,56.944444,715,NA,1034,1.5,0.03929450029463205,43.055556,NA
BLOCKS-14-1,5352,48,NA,NA,NA,98.72222222222223,NA,NA,NA,59,0.7688498361872923,NA,NA,82,0.428101,88.93727374076843,115,NA,NA,NA,NA,NA,NA,NA,3,NA,NA,NA,NA,NA,174,87,NA,174,5727,164,3,0.6886907384846679,NA,2,NA,NA,NA,0.024225161788954865,NA,0.10553256451404189,3,NA,0.8626097046758299,NA,NA,0.5674793637139274,NA,55.487805,4458,NA,5722,1.1945448570489647,0.02447738585812413,44.512195,NA
BLOCKS-15-0,23599,78,NA,NA,NA,103.35526315789474,NA,NA,NA,63,0.7736363822078347,NA,NA,85,0.420437,103.12964797019958,121,NA,NA,NA,NA,NA,NA,NA,3,NA,NA,NA,NA,NA,184,92,NA,180,6333,174,3,0.6842947618720991,NA,2,NA,NA,NA,0.022892460399156378,NA,0.1027193261537125,3,NA,0.8649800116033216,NA,NA,0.5850100964277427,NA,58.620690,4892,NA,6328,1.202053760193295,0.023125073596119688,41.379310,NA
BLOCKS-15-1,26601,80,NA,NA,NA,24.5,NA,NA,NA,29,0.43716336689369345,NA,NA,17,0.392229,3.147773027420044,40,NA,NA,NA,NA,NA,NA,NA,3,NA,NA,NA,NA,NA,69,36,NA,66,435,47,3,0.4939309056956116,NA,2,NA,NA,NA,0.04234752281990105,NA,0.21614807866444308,3,NA,0.6612939841089671,NA,NA,0.36055688983953976,NA,61.702128,266,NA,424,1.25,0.04271880552604481,38.297872,NA
BLOCKS-16-1,25198,94,NA,NA,NA,45.970588235294116,NA,NA,NA,39,0.5745972798296858,NA,NA,33,0.394753,12.263499021530151,62,NA,NA,NA,NA,NA,NA,NA,3,NA,NA,NA,NA,NA,101,52,NA,98,1289,81,3,0.5765765765765766,NA,2,NA,NA,NA,0.03494733465529004,NA,0.15863211636701371,3,NA,0.7572887345647306,NA,NA,0.4263702756419767,NA,60.493827,887,NA,1279,1.2182741116751268,0.03528948255335623,39.506173,NA
BLOCKS-16-2,25139,86,NA,NA,NA,24.5,NA,NA,NA,30,0.42484890585443447,NA,NA,17,0.392229,2.998852014541626,41,NA,NA,NA,NA,NA,NA,NA,3,NA,NA,NA,NA,NA,71,37,NA,70,436,47,3,0.4798185941043084,NA,2,NA,NA,NA,0.039945199579186165,NA,0.21614807866444302,3,NA,0.6612939841089671,NA,NA,0.3709175865827791,NA,61.702128,266,NA,424,1.2132352941176472,0.04029541987094413,38.297872,NA
BLOCKS-17-0,8376,52,NA,NA,NA,98.75,NA,NA,NA,63,0.742074116169365,NA,NA,82,0.425647,86.53613495826721,118,NA,NA,NA,NA,NA,NA,NA,3,NA,NA,NA,NA,NA,181,92,NA,180,5767,165,3,0.6640987654320988,NA,2,NA,NA,NA,0.022404482460566862,NA,0.10552835316288936,3,NA,0.8617560628400021,NA,NA,0.573906012170682,NA,55.757576,4458,NA,5759,1.2064387653501492,0.02263136096620567,44.242424,NA
BLOCKS-17-1,26055,92,NA,NA,NA,46.029411764705884,NA,NA,NA,41,0.5617557046085088,NA,NA,33,0.390846,11.552388191223145,63,NA,NA,NA,NA,NA,NA,NA,3,NA,NA,NA,NA,NA,104,52,NA,102,1309,82,3,0.5637082223558725,NA,2,NA,NA,NA,0.033035257225755586,NA,0.1585580232314103,3,NA,0.7542780585835211,NA,NA,0.4359925692946124,NA,60.975610,887,NA,1298,1.2310756972111554,0.03333837948705766,39.024390,NA
BLOCKS-18-0,64290,98,NA,NA,NA,46.088235294117645,NA,NA,NA,43,0.5498551143885695,NA,NA,33,0.387305,11.205352067947388,64,NA,NA,NA,NA,NA,NA,NA,3,NA,NA,NA,NA,NA,107,55,NA,106,1330,83,3,0.5515996718621822,NA,2,NA,NA,NA,0.03127947337445323,NA,0.15847580958930776,3,NA,0.751307484220018,NA,NA,0.4438038571037388,NA,61.445783,887,NA,1318,1.2470784641068446,0.0315488424615052,38.554217,NA
BLOCKS-18-1,18243,98,NA,NA,NA,39.31111111111111,NA,NA,NA,39,0.5174549572566062,NA,NA,30,0.404538,9.309765815734863,59,NA,NA,NA,NA,NA,NA,NA,3,NA,NA,NA,NA,NA,98,49,NA,98,1047,72,3,0.5357636305664788,NA,2,NA,NA,NA,0.032734310236677375,NA,0.16897632568632445,3,NA,0.7454638384870943,NA,NA,0.4123553244652852,NA,56.944444,715,NA,1034,1.235655737704918,0.03304924036807971,43.055556,NA
BLOCKS-19-0,85422,120,NA,NA,NA,37.11538461538461,NA,NA,NA,36,0.47530160127766774,NA,NA,27,0.432240,7.82821798324585,55,NA,NA,NA,NA,NA,NA,NA,3,NA,NA,NA,NA,NA,91,47,NA,88,806,61,3,0.5,NA,2,NA,NA,NA,0.03256336670272678,NA,0.17973799502754081,3,NA,0.7433860232945092,NA,NA,0.3791722496900953,NA,50.819672,558,NA,791,1.1835443037974684,0.0329404736160222,49.180328,NA
BLOCKS-19-1,114450,116,NA,NA,NA,46.029411764705884,NA,NA,NA,43,0.5409499377711565,NA,NA,33,0.390846,11.481359720230103,65,NA,NA,NA,NA,NA,NA,NA,3,NA,NA,NA,NA,NA,108,54,NA,106,1311,82,3,0.5426350177818212,NA,2,NA,NA,NA,0.03060028323168649,NA,0.1585580232314103,3,NA,0.7542780585835211,NA,NA,0.4440963054647352,NA,60.975610,887,NA,1298,1.2409638554216866,0.030881062854084623,39.024390,NA
BLOCKS-20-0,1722,70,NA,NA,NA,39.31111111111111,NA,NA,NA,41,0.4971626059916411,NA,NA,30,0.404538,9.31604290008545,61,NA,NA,NA,NA,NA,NA,NA,3,NA,NA,NA,NA,NA,102,51,NA,102,1049,72,3,0.5145452689598856,NA,2,NA,NA,NA,0.03018038583405344,NA,0.16897632568632442,3,NA,0.7454638384870943,NA,NA,0.4221302739188514,NA,56.944444,715,NA,1034,1.2333333333333334,0.030470745178966165,43.055556,NA
BLOCKS-20-1,50,72,NA,NA,NA,24.5,NA,NA,NA,34,0.38182623184385883,NA,NA,17,0.392229,3.0521891117095947,45,NA,NA,NA,NA,NA,NA,NA,3,NA,NA,NA,NA,NA,79,41,NA,78,440,47,3,0.4306064306064306,NA,2,NA,NA,NA,0.03212376189934551,NA,0.21614807866444302,3,NA,0.6612939841089671,NA,NA,0.40879839395738216,NA,61.702128,266,NA,424,1.25,0.032405407588521506,38.297872,NA
BLOCKS-21-0,176688,122,NA,NA,NA,19.86842105263158,NA,NA,NA,32,0.3298950979565362,NA,NA,14,0.420420,2.241091012954712,41,NA,NA,NA,NA,NA,NA,NA,3,NA,NA,NA,NA,NA,73,38,NA,70,298,37,3,0.3829787234042553,NA,2,NA,NA,NA,0.029314501012955626,NA,0.243035305250976,3,NA,0.6548191511603596,NA,NA,0.405653566201952,NA,56.756757,180,NA,280,1.25,0.029614519323798903,43.243243,NA
BLOCKS-21-1,126610,122,NA,NA,NA,37.11538461538461,NA,NA,NA,38,0.4552889022765027,NA,NA,27,0.432240,8.101754903793335,57,NA,NA,NA,NA,NA,NA,NA,3,NA,NA,NA,NA,NA,95,49,NA,92,808,61,3,0.4787234042553192,NA,2,NA,NA,NA,0.029836715544365316,NA,0.17973799502754081,3,NA,0.7433860232945092,NA,NA,0.3915734518993962,NA,50.819672,558,NA,791,1.1835443037974684,0.030182245900747872,49.180328,NA
BLOCKS-22-0,91489,124,NA,NA,NA,67.14285714285714,NA,NA,NA,54,0.6087549629431366,NA,NA,53,0.414687,30.343120098114014,90,NA,NA,NA,NA,NA,NA,NA,3,NA,NA,NA,NA,NA,144,72,NA,144,2686,114,3,0.576088427701331,NA,2,NA,NA,NA,0.024356322037424258,NA,0.1298713097654383,3,NA,0.8166463875826235,NA,NA,0.5024549229034841,NA,56.140351,1987,NA,2671,1.2037683182135381,0.024604331291144418,43.859649,NA
BLOCKS-22-1,15551,74,NA,NA,NA,94.16176470588235,NA,NA,NA,65,0.6875529659323192,NA,NA,79,0.434353,73.51710891723633,118,NA,NA,NA,NA,NA,NA,NA,3,NA,NA,NA,NA,NA,183,93,NA,182,5198,155,3,0.6205128205128204,NA,2,NA,NA,NA,0.02064719120614967,NA,0.10816143414358101,3,NA,0.8594874154031482,NA,NA,0.5620486454084053,NA,52.258065,4021,NA,5184,1.203056768558952,0.020861928327157483,47.741935,NA
BLOCKS-23-0,1134346,122,NA,NA,NA,94.16176470588235,NA,NA,NA,66,0.6801199608952129,NA,NA,79,0.434353,75.05330896377563,119,NA,NA,NA,NA,NA,NA,NA,3,NA,NA,NA,NA,NA,185,94,NA,184,5199,155,3,0.613768115942029,NA,2,NA,NA,NA,0.020199565594944832,NA,0.10816143414358097,3,NA,0.8594874154031482,NA,NA,0.5630684509798163,NA,52.258065,4021,NA,5184,1.1991294885745376,0.020409647272309994,47.741935,NA
BLOCKS-23-1,63570,132,NA,NA,NA,94.16176470588235,NA,NA,NA,66,0.6801199608952129,NA,NA,79,0.434353,74.3499059677124,119,NA,NA,NA,NA,NA,NA,NA,3,NA,NA,NA,NA,NA,185,94,NA,184,5199,155,3,0.613768115942029,NA,2,NA,NA,NA,0.020199565594944832,NA,0.10816143414358094,3,NA,0.8594874154031482,NA,NA,0.5630684509798163,NA,52.258065,4021,NA,5184,1.2,0.020409647272309987,47.741935,NA
BLOCKS-24-0,932426,138,NA,NA,NA,98.75,NA,NA,NA,70,0.6887970001366926,NA,NA,82,0.425647,80.79676294326782,125,NA,NA,NA,NA,NA,NA,NA,3,NA,NA,NA,NA,NA,195,99,NA,194,5774,165,3,0.6161741122565865,NA,2,NA,NA,NA,0.019279750677834096,NA,0.10552835316288937,3,NA,0.8617560628400021,NA,NA,0.5802493042108815,NA,55.757576,4458,NA,5759,1.2173913043478262,0.01947498665485676,44.242424,NA
BLOCKS-24-1,192195,136,NA,NA,NA,26.263157894736842,NA,NA,NA,39,0.3448535779547464,NA,NA,17,0.386525,2.738085985183716,49,NA,NA,NA,NA,NA,NA,NA,3,NA,NA,NA,NA,NA,88,44,NA,86,456,48,3,0.39062776304155616,NA,2,NA,NA,NA,0.025938446261414328,NA,0.21547138504698526,3,NA,0.6539907141277913,NA,NA,0.44580098582777083,NA,62.500000,266,NA,436,1.2132352941176472,0.02613669048710091,37.500000,NA
BLOCKS-25-0,479560,140,NA,NA,NA,67.18367346938776,NA,NA,NA,58,0.5835898206375428,NA,NA,53,0.411442,29.597010850906372,93,NA,NA,NA,NA,NA,NA,NA,3,NA,NA,NA,NA,NA,151,77,NA,150,2715,115,3,0.5518471337579618,NA,2,NA,NA,NA,0.02217658828930054,NA,0.12985365550432434,3,NA,0.8149925566089478,NA,NA,0.5128368307683925,NA,56.521739,1987,NA,2697,1.2142857142857144,0.0223927996367751,43.478261,NA
BLOCKS-25-1,730,92,NA,NA,NA,46.029411764705884,NA,NA,NA,49,0.48685494399404095,NA,NA,33,0.390846,11.14887809753418,71,NA,NA,NA,NA,NA,NA,NA,3,NA,NA,NA,NA,NA,120,60,NA,120,1317,82,3,0.48791552019037704,NA,2,NA,NA,NA,0.024716451532102845,NA,0.15855790900267094,3,NA,0.7542780585835211,NA,NA,0.4669342177103071,NA,60.975610,887,NA,1298,1.2237623762376237,0.024943242763924497,39.024390,NA
BLOCKS-26-0,1483312,144,NA,NA,NA,98.75,NA,NA,NA,72,0.6749518343047993,NA,NA,82,0.425647,82.87497305870056,127,NA,NA,NA,NA,NA,NA,NA,3,NA,NA,NA,NA,NA,199,101,NA,198,5776,165,3,0.6037261503928171,NA,2,NA,NA,NA,0.018506702170934326,NA,0.10552835316288936,3,NA,0.8617560628400021,NA,NA,0.5820243721558777,NA,55.757576,4458,NA,5759,1.2064387653501492,0.018694109889020833,44.242424,NA
BLOCKS-26-1,260,88,NA,NA,NA,131.6315789473684,NA,NA,NA,83,0.7373763074251525,NA,NA,114,0.448538,NA,161,NA,NA,NA,NA,NA,NA,NA,3,NA,NA,NA,NA,NA,244,122,NA,242,10048,212,3,0.6406083628305851,NA,2,NA,NA,NA,0.016023315316367172,NA,0.09052915209901338,3,NA,0.8920133588525645,NA,NA,0.6262417747133309,NA,51.886792,8076,NA,10032,NA,0.016195024207928163,48.113208,NA
BLOCKS-27-0,70,84,NA,NA,NA,131.67368421052632,NA,NA,NA,86,0.7300356779939956,NA,NA,114,0.444342,172.95351386070251,162,NA,NA,NA,NA,NA,NA,NA,3,NA,NA,NA,NA,NA,248,124,NA,248,10144,214,3,0.6333798687700685,NA,2,NA,NA,NA,0.015540733090677255,NA,0.09052632631382929,3,NA,0.8909637224487561,NA,NA,0.6324293460168047,NA,52.336449,8076,NA,10127,1.1907564479833825,0.015700513347302637,47.663551,NA
BLOCKS-27-1,620,104,NA,NA,NA,26.263157894736842,NA,NA,NA,42,0.3228416474469966,NA,NA,17,0.386525,2.7450380325317383,52,NA,NA,NA,NA,NA,NA,NA,3,NA,NA,NA,NA,NA,94,47,NA,92,459,48,3,0.36542597187758474,NA,2,NA,NA,NA,0.022682498238417725,NA,0.21547138504698526,3,NA,0.6539907141277913,NA,NA,0.4675268623961124,NA,62.500000,266,NA,436,1.2631578947368423,0.022855857669996378,37.500000,NA
BLOCKS-28-0,151369,104,NA,NA,NA,71.75471698113208,NA,NA,NA,64,0.5845321369159809,NA,NA,56,0.402194,34.71878695487976,101,NA,NA,NA,NA,NA,NA,NA,3,NA,NA,NA,NA,NA,165,84,NA,164,3137,125,3,0.5419427604680671,NA,2,NA,NA,NA,0.020106699829595762,NA,0.12479137029316882,3,NA,0.8198512920912512,NA,NA,0.5369437492271073,NA,60.000000,2275,NA,3117,1.2352201257861635,0.02029729506114773,40.000000,NA
BLOCKS-28-1,48070,104,NA,NA,NA,46.029411764705884,NA,NA,NA,52,0.46367137523241986,NA,NA,33,0.390846,10.8351149559021,74,NA,NA,NA,NA,NA,NA,NA,3,NA,NA,NA,NA,NA,126,63,NA,122,1320,82,3,0.46449557522123897,NA,2,NA,NA,NA,0.022391510478308913,NA,0.15855790900267094,3,NA,0.7542780585835211,NA,NA,0.477591965819716,NA,60.975610,887,NA,1298,1.2189349112426036,0.022596968702646957,39.024390,NA
BLOCKS-29-0,80,88,NA,NA,NA,175.16666666666666,NA,NA,NA,105,0.7778706020827835,NA,NA,155,0.456247,95.32098388671875,209,NA,NA,NA,NA,NA,NA,NA,3,NA,NA,NA,NA,NA,314,157,NA,314,17838,280,3,0.6579187585577363,NA,2,NA,NA,NA,0.012738974510637975,NA,0.07792521258654181,3,NA,0.9130797118202257,NA,NA,0.6840146610870773,NA,52.142857,14548,NA,17821,NA,0.012870890544655797,47.857143,NA
BLOCKS-29-1,57220,110,NA,NA,NA,19.86842105263158,NA,NA,NA,40,0.2705881140542375,NA,NA,14,0.420420,2.0861270427703857,49,NA,NA,NA,NA,NA,NA,NA,3,NA,NA,NA,NA,NA,89,46,NA,86,306,37,3,0.31334622823984526,NA,2,NA,NA,NA,0.01957363233780423,NA,0.243035305250976,3,NA,0.6548191511603596,NA,NA,0.4773263096177553,NA,56.756757,180,NA,280,1.1818181818181819,0.019773958043790493,43.243243,NA
BLOCKS-30-0,120,94,NA,NA,NA,175.16666666666666,NA,NA,NA,106,0.7729473704240317,NA,NA,155,0.456247,95.12412476539612,210,NA,NA,NA,NA,NA,NA,NA,3,NA,NA,NA,NA,NA,316,158,NA,316,17839,280,3,0.6537414965986394,NA,2,NA,NA,NA,0.012577467342137926,NA,0.07792521258654184,3,NA,0.9130797118202257,NA,NA,0.6842678264878455,NA,52.142857,14548,NA,17821,NA,0.01270771091930954,47.857143,NA
BLOCKS-30-1,1191456,172,NA,NA,NA,39.31111111111111,NA,NA,NA,51,0.41566053943563447,NA,NA,30,0.404538,8.8160560131073,71,NA,NA,NA,NA,NA,NA,NA,3,NA,NA,NA,NA,NA,122,61,NA,120,1059,72,3,0.4294964641731277,NA,2,NA,NA,NA,0.02099324358980301,NA,0.16897632568632442,3,NA,0.7454638384870943,NA,NA,0.46603705139376517,NA,56.944444,715,NA,1034,1.5,0.021195215310437884,43.055556,NA
BLOCKS-31-0,1345168,202,NA,NA,NA,46.088235294117645,NA,NA,NA,56,0.44236464089907473,NA,NA,33,0.387305,10.635634899139404,77,NA,NA,NA,NA,NA,NA,NA,3,NA,NA,NA,NA,NA,133,68,NA,132,1343,83,3,0.4429512516469038,NA,2,NA,NA,NA,0.020133040634840643,NA,0.15847580958930774,3,NA,0.751307484220018,NA,NA,0.4907767857325917,NA,61.445783,887,NA,1318,1.2612244897959184,0.020306420113147868,38.554217,NA
BLOCKS-31-1,740,114,NA,NA,NA,103.38157894736842,NA,NA,NA,80,0.6585712570002235,NA,NA,85,0.418259,91.0172131061554,137,NA,NA,NA,NA,NA,NA,NA,3,NA,NA,NA,NA,NA,217,110,NA,216,6389,175,3,0.5816044260027663,NA,2,NA,NA,NA,0.016439850042658733,NA,0.10271554894753926,3,NA,0.864205853077948,NA,NA,0.6007070145970298,NA,58.857143,4892,NA,6368,1.2163814180929096,0.016602721756649803,41.142857,NA
BLOCKS-32-0,240,104,NA,NA,NA,219.94904458598725,NA,NA,NA,124,0.8034050056799628,NA,NA,199,0.472168,175.26802587509155,258,NA,NA,NA,NA,NA,NA,NA,3,NA,NA,NA,NA,NA,382,191,NA,380,27875,344,3,0.6698265211425578,NA,2,NA,NA,NA,0.010632154365562327,NA,0.06918896881421119,3,NA,0.9285153430821311,NA,NA,0.719323268893264,NA,49.418605,23166,NA,27856,NA,0.010743703499843963,50.581395,NA
BLOCKS-32-1,960,120,NA,NA,NA,26.263157894736842,NA,NA,NA,47,0.29179918134632393,NA,NA,17,0.386525,2.791424036026001,57,NA,NA,NA,NA,NA,NA,NA,3,NA,NA,NA,NA,NA,104,52,NA,104,464,48,3,0.3299477221807319,NA,2,NA,NA,NA,0.018472440027403583,NA,0.21547138504698526,3,NA,0.6539907141277913,NA,NA,0.49965438714433935,NA,62.500000,266,NA,436,1.2121212121212122,0.01861362252279545,37.500000,NA
BLOCKS-33-0,150,116,NA,NA,NA,71.75471698113208,NA,NA,NA,69,0.551130300520782,NA,NA,56,0.402194,34.62027382850647,106,NA,NA,NA,NA,NA,NA,NA,3,NA,NA,NA,NA,NA,175,89,NA,174,3142,125,3,0.5107966248089828,NA,2,NA,NA,NA,0.017855700612741807,NA,0.12479137029316882,3,NA,0.8198512920912512,NA,NA,0.544804880591842,NA,60.000000,2275,NA,3117,1.2272727272727273,0.018024958194624973,40.000000,NA
BLOCKS-33-1,130,104,NA,NA,NA,131.6315789473684,NA,NA,NA,90,0.6973636395803767,NA,NA,114,0.448538,NA,168,NA,NA,NA,NA,NA,NA,NA,3,NA,NA,NA,NA,NA,258,129,NA,258,10055,212,3,0.6057114092133548,NA,2,NA,NA,NA,0.014321909662182141,NA,0.0905291520990134,3,NA,0.8920133588525645,NA,NA,0.6297020964682204,NA,51.886792,8076,NA,10032,NA,0.01447538596746449,48.113208,NA
BLOCKS-34-0,550,128,NA,NA,NA,19.86842105263158,NA,NA,NA,45,0.24325598132148624,NA,NA,14,0.420420,2.051692008972168,54,NA,NA,NA,NA,NA,NA,NA,3,NA,NA,NA,NA,NA,99,51,NA,98,311,37,3,0.28137212331741207,NA,2,NA,NA,NA,0.0157643308624268,NA,0.243035305250976,3,NA,0.6548191511603596,NA,NA,0.5125307529947568,NA,56.756757,180,NA,280,1.1375,0.015925670395882597,43.243243,NA
BLOCKS-34-1,170,122,NA,NA,NA,46.029411764705884,NA,NA,NA,58,0.42335212521220944,NA,NA,33,0.390846,10.916085004806519,80,NA,NA,NA,NA,NA,NA,NA,3,NA,NA,NA,NA,NA,138,69,NA,136,1326,82,3,0.42380983140623996,NA,2,NA,NA,NA,0.018627544676566566,NA,0.15855790900267094,3,NA,0.7542780585835211,NA,NA,0.49754699381186324,NA,60.975610,887,NA,1298,1.2409638554216866,0.01879846580565843,39.024390,NA
BLOCKS-35-0,650,128,NA,NA,NA,103.40789473684211,NA,NA,NA,85,0.6348594869614818,NA,NA,85,0.416169,107.173424243927,141,NA,NA,NA,NA,NA,NA,NA,3,NA,NA,NA,NA,NA,226,113,NA,222,6434,176,3,0.5601280292638318,NA,2,NA,NA,NA,0.015168068129467105,NA,0.10271159253621996,3,NA,0.8634336833644926,NA,NA,0.6061305304418934,NA,59.090909,4892,NA,6409,1.2253694581280787,0.015314607153202077,40.909091,NA
BLOCKS-35-1,1580402,210,NA,NA,NA,46.029411764705884,NA,NA,NA,59,0.4173042377091779,NA,NA,33,0.390846,11.51838994026184,81,NA,NA,NA,NA,NA,NA,NA,3,NA,NA,NA,NA,NA,140,70,NA,138,1327,82,3,0.41771184822053864,NA,2,NA,NA,NA,0.018093442415482646,NA,0.15855790900267094,3,NA,0.7542780585835211,NA,NA,0.5007088934603581,NA,60.975610,887,NA,1298,1.228628230616302,0.018259462771923043,39.024390,NA
BLOCKS-36-0,170,124,NA,NA,NA,46.088235294117645,NA,NA,NA,61,0.4114300506264122,NA,NA,33,0.387305,11.440577030181885,82,NA,NA,NA,NA,NA,NA,NA,3,NA,NA,NA,NA,NA,143,73,NA,142,1348,83,3,0.41175750153092466,NA,2,NA,NA,NA,0.017387900242616345,NA,0.15847580958930774,3,NA,0.751307484220018,NA,NA,0.5065898538536447,NA,61.445783,887,NA,1318,1.2575757575757578,0.017537639426458543,38.554217,NA
BLOCKS-36-1,23209,142,NA,NA,NA,26.263157894736842,NA,NA,NA,51,0.27095638267872935,NA,NA,17,0.386525,3.041499137878418,61,NA,NA,NA,NA,NA,NA,NA,3,NA,NA,NA,NA,NA,112,56,NA,110,468,48,3,0.30616770616770617,NA,2,NA,NA,NA,0.01589446805306323,NA,0.21547096551095035,3,NA,0.6539907141277913,NA,NA,0.5222705238852318,NA,62.500000,266,NA,436,1.2132352941176472,0.016015947438533084,37.500000,NA
BLOCKS-37-0,193910,142,NA,NA,NA,24.5,NA,NA,NA,51,0.26694046297048535,NA,NA,17,0.392229,3.0563697814941406,62,NA,NA,NA,NA,NA,NA,NA,3,NA,NA,NA,NA,NA,113,58,NA,112,457,47,3,0.2998866213151927,NA,2,NA,NA,NA,0.015519249836508138,NA,0.216148078664443,3,NA,0.6612939841089671,NA,NA,0.5248178918806007,NA,61.702128,266,NA,424,1.2121212121212122,0.015655315152562754,38.297872,NA
BLOCKS-37-1,193560,136,NA,NA,NA,94.13235294117646,NA,NA,NA,79,0.5911090167020693,NA,NA,79,0.437145,83.33863615989685,133,NA,NA,NA,NA,NA,NA,NA,3,NA,NA,NA,NA,NA,212,106,NA,212,5179,154,3,0.5333804228946409,NA,2,NA,NA,NA,0.01532631410590906,NA,0.10816608528386365,3,NA,0.860428165444233,NA,NA,0.572939753054107,NA,51.948052,4021,NA,5150,1.1900647948164147,0.015490697566765575,48.051948,NA
BLOCKS-38-0,420,134,NA,NA,NA,127.01098901098901,NA,NA,NA,92,0.6588968107306634,NA,NA,111,0.456578,NA,168,NA,NA,NA,NA,NA,NA,NA,3,NA,NA,NA,NA,NA,260,130,NA,260,9298,202,3,0.5756030147174058,NA,2,NA,NA,NA,0.013478950937387955,NA,0.09219696273205205,3,NA,0.8909819964421678,NA,NA,0.6198008383047876,NA,48.514851,7479,NA,9269,NA,0.013626944269367027,51.485149,NA
BLOCKS-38-1,230,130,NA,NA,NA,98.75,NA,NA,NA,84,0.6023112781464353,NA,NA,82,0.425647,88.27094292640686,139,NA,NA,NA,NA,NA,NA,NA,3,NA,NA,NA,NA,NA,223,113,NA,218,5788,165,3,0.5384584584584585,NA,2,NA,NA,NA,0.014713473255869396,NA,0.10552835316288936,3,NA,0.8617560628400021,NA,NA,0.5923429077483847,NA,55.757576,4458,NA,5759,1.2072401195616074,0.014862468923630235,44.242424,NA
BLOCKS-39-0,34349,144,NA,NA,NA,71.79245283018868,NA,NA,NA,76,0.5157837138926001,NA,NA,56,0.399619,41.9997239112854,112,NA,NA,NA,NA,NA,NA,NA,3,NA,NA,NA,NA,NA,188,94,NA,188,3178,126,3,0.4774637127578304,NA,2,NA,NA,NA,0.015482778247611479,NA,0.1247753523098694,3,NA,0.818427502985356,NA,NA,0.5562323764897943,NA,60.317460,2275,NA,3147,1.234443746071653,0.015624129992945381,39.682540,NA
BLOCKS-39-1,253880,146,NA,NA,NA,71.79245283018868,NA,NA,NA,76,0.5157837138926,NA,NA,56,0.399619,43.24024486541748,112,NA,NA,NA,NA,NA,NA,NA,3,NA,NA,NA,NA,NA,188,94,NA,188,3178,126,3,0.4774637127578304,NA,2,NA,NA,NA,0.015482778247611479,NA,0.12477535230986937,3,NA,0.818427502985356,NA,NA,0.5562323764897943,NA,60.317460,2275,NA,3147,1.244613434727503,0.015624129992945384,39.682540,NA
BLOCKS-40-0,580,138,NA,NA,NA,122.42528735632185,NA,NA,NA,91,0.635870246585071,NA,NA,108,0.465750,NA,165,NA,NA,NA,NA,NA,NA,NA,3,NA,NA,NA,NA,NA,256,128,NA,256,8572,192,3,0.5588388480392157,NA,2,NA,NA,NA,0.013262480987816983,NA,0.09394286833906601,3,NA,0.8900967680893686,NA,NA,0.6079051517429712,NA,44.791667,6907,NA,8540,NA,0.013412312015729457,55.208333,NA
BLOCKS-40-1,260,146,NA,NA,NA,19.86842105263158,NA,NA,NA,51,0.21695803739483907,NA,NA,14,0.420420,2.1511800289154053,60,NA,NA,NA,NA,NA,NA,NA,3,NA,NA,NA,NA,NA,111,57,NA,110,317,37,3,0.2506769825918762,NA,2,NA,NA,NA,0.012498392758818115,NA,0.24303530525097605,3,NA,0.6548191511603596,NA,NA,0.547810896683269,NA,56.756757,180,NA,280,1.222222222222222,0.012626307154567137,43.243243,NA
BLOCKS-41-0,460,152,NA,NA,NA,67.18367346938776,NA,NA,NA,74,0.481541327411306,NA,NA,53,0.411442,56.978084087371826,109,NA,NA,NA,NA,NA,NA,NA,3,NA,NA,NA,NA,NA,183,93,NA,182,2731,115,3,0.4548190662840344,NA,2,NA,NA,NA,0.01504604299271043,NA,0.12985365550432434,3,NA,0.8149925566089478,NA,NA,0.5413529394138409,NA,56.521739,1987,NA,2697,1.25,0.015192734863758222,43.478261,NA
BLOCKS-41-1,460,140,NA,NA,NA,131.67368421052632,NA,NA,NA,100,0.6559740874728653,NA,NA,114,0.444342,222.36345601081848,176,NA,NA,NA,NA,NA,NA,NA,3,NA,NA,NA,NA,NA,276,138,NA,274,10158,214,3,0.5688902821316615,NA,2,NA,NA,NA,0.012531997664973213,NA,0.0905263263138292,3,NA,0.8909637224487561,NA,NA,0.639035133842599,NA,52.336449,8076,NA,10127,1.2025316455696202,0.012660843954994064,47.663551,NA
BLOCKS-42-0,368370,154,NA,NA,NA,141.01941747572815,NA,NA,NA,108,0.6750271700952586,NA,NA,120,0.429969,245.3205099105835,187,NA,NA,NA,NA,NA,NA,NA,3,NA,NA,NA,NA,NA,295,149,NA,294,11852,235,3,0.5766095912049031,NA,2,NA,NA,NA,0.0119350966732425,NA,0.08721560688710683,3,NA,0.8930383233434466,NA,NA,0.6621004555645945,NA,58.297872,9308,NA,11822,1.209162424803332,0.012051650435956468,41.702128,NA
BLOCKS-42-1,310,158,NA,NA,NA,11.428571428571429,NA,NA,NA,49,0.1297175321927797,NA,NA,7,0.442857,0.6750929355621338,52,NA,NA,NA,NA,NA,NA,NA,3,NA,NA,NA,NA,NA,101,52,NA,98,133,21,3,0.16000000000000003,NA,2,NA,NA,NA,0.007612033028699696,NA,0.33767268371722664,3,NA,0.5853658536585366,NA,NA,0.6741916358827014,NA,52.380952,58,NA,93,1.5,0.007658737446616235,47.619048,NA
BLOCKS-43-0,340,152,NA,NA,NA,98.77777777777777,NA,NA,NA,90,0.5763201594325156,NA,NA,82,0.423293,91.17254400253296,144,NA,NA,NA,NA,NA,NA,NA,3,NA,NA,NA,NA,NA,234,117,NA,230,5831,166,3,0.5147378571023425,NA,2,NA,NA,NA,0.013373042435233896,NA,0.1055239375982766,3,NA,0.8609024078242142,NA,NA,0.5992802279731357,NA,56.024096,4458,NA,5797,1.2096505823627286,0.013504788548134196,43.975904,NA
BLOCKS-43-1,1990,160,NA,NA,NA,26.263157894736842,NA,NA,NA,58,0.24085011793664832,NA,NA,17,0.386525,3.9034390449523926,68,NA,NA,NA,NA,NA,NA,NA,3,NA,NA,NA,NA,NA,126,63,NA,124,475,48,3,0.27187692307692307,NA,2,NA,NA,NA,0.012520739027606583,NA,0.21547096551095032,3,NA,0.6539907141277913,NA,NA,0.5565369040925738,NA,62.500000,266,NA,436,1.2816901408450705,0.012616433433838,37.500000,NA
BLOCKS-44-0,467200,162,NA,NA,NA,127.03296703296704,NA,NA,NA,99,0.6295120828611482,NA,NA,111,0.454226,NA,174,NA,NA,NA,NA,NA,NA,NA,3,NA,NA,NA,NA,NA,273,138,NA,272,9348,203,3,0.549504417151476,NA,2,NA,NA,NA,0.012233013674466666,NA,0.09219546170911924,3,NA,0.8904200195250446,NA,NA,0.62619015361107,NA,48.768473,7479,NA,9313,NA,0.012364338971223847,51.231527,NA
BLOCKS-44-1,466410,166,NA,NA,NA,67.14285714285714,NA,NA,NA,76,0.4662803971479345,NA,NA,53,0.414687,47.556633949279785,112,NA,NA,NA,NA,NA,NA,NA,3,NA,NA,NA,NA,NA,188,94,NA,184,2708,114,3,0.4405382094186648,NA,2,NA,NA,NA,0.014219408754296389,NA,0.1298713097654383,3,NA,0.8166463875826235,NA,NA,0.542510178597701,NA,56.140351,1987,NA,2671,1.214788732394366,0.014364198470415116,43.859649,NA
BLOCKS-45-0,523090,174,NA,NA,NA,26.263157894736842,NA,NA,NA,60,0.23343934507705918,NA,NA,17,0.386525,4.58818793296814,70,NA,NA,NA,NA,NA,NA,NA,3,NA,NA,NA,NA,NA,130,65,NA,128,477,48,3,0.26344663088849135,NA,2,NA,NA,NA,0.011753358462203368,NA,0.21547096551095035,3,NA,0.6539907141277913,NA,NA,0.5652778294231284,NA,62.500000,266,NA,436,1.2816901408450705,0.011843187876967599,37.500000,NA
BLOCKS-45-1,2880,162,NA,NA,NA,131.65263157894736,NA,NA,NA,103,0.6377447307035017,NA,NA,114,0.446408,39.68573212623596,180,NA,NA,NA,NA,NA,NA,NA,3,NA,NA,NA,NA,NA,283,143,NA,282,10114,213,3,0.5533884948778566,NA,2,NA,NA,NA,0.011903782768706413,NA,0.09052776409187722,3,NA,0.8914893690068699,NA,NA,0.6382865056811298,NA,52.112676,8076,NA,10079,NA,0.01202872140214843,47.887324,NA
BLOCKS-46-1,584470,178,NA,NA,NA,26.263157894736842,NA,NA,NA,61,0.2299023853031643,NA,NA,17,0.386525,4.829633951187134,71,NA,NA,NA,NA,NA,NA,NA,3,NA,NA,NA,NA,NA,132,66,NA,130,478,48,3,0.25942454492072814,NA,2,NA,NA,NA,0.011395857599994246,NA,0.21547096551095035,3,NA,0.6539907141277913,NA,NA,0.5694939680678917,NA,62.500000,266,NA,436,1.25,0.011482954681414503,37.500000,NA
BLOCKS-47-0,653290,178,NA,NA,NA,67.14285714285714,NA,NA,NA,79,0.45185935393717364,NA,NA,53,0.414687,52.07717299461365,115,NA,NA,NA,NA,NA,NA,NA,3,NA,NA,NA,NA,NA,194,97,NA,194,2711,114,3,0.426842721042955,NA,2,NA,NA,NA,0.013346812265002617,NA,0.12987122800543333,3,NA,0.8166463875826235,NA,NA,0.5474326741835565,NA,56.140351,1987,NA,2671,1.3636363636363638,0.013482716731378953,43.859649,NA
BLOCKS-47-1,653850,170,NA,NA,NA,224.68944099378882,NA,NA,NA,144,0.751275237727966,NA,NA,202,0.464409,191.0993320941925,278,NA,NA,NA,NA,NA,NA,NA,3,NA,NA,NA,NA,NA,422,211,NA,422,29379,356,3,0.6236391528107681,NA,2,NA,NA,NA,0.008949289853402154,NA,0.06845210709965321,3,NA,0.9284101588056861,NA,NA,0.730836851528501,NA,52.247191,24223,NA,29346,NA,0.009040033330814785,47.752809,NA
BLOCKS-48-0,540,170,NA,NA,NA,71.79245283018868,NA,NA,NA,85,0.470715234037907,NA,NA,56,0.399619,51.59796214103699,121,NA,NA,NA,NA,NA,NA,NA,3,NA,NA,NA,NA,NA,206,103,NA,204,3187,126,3,0.4355400696864111,NA,2,NA,NA,NA,0.012877139957159788,NA,0.12477535230986943,3,NA,0.818427502985356,NA,NA,0.568938959590185,NA,60.317460,2275,NA,3147,1.2367758186397986,0.012994703238035062,39.682540,NA
BLOCKS-48-1,510,172,NA,NA,NA,67.18367346938776,NA,NA,NA,81,0.44732011632623847,NA,NA,53,0.411442,59.87752294540405,116,NA,NA,NA,NA,NA,NA,NA,3,NA,NA,NA,NA,NA,197,100,NA,196,2738,115,3,0.42233199012088907,NA,2,NA,NA,NA,0.012968256103240894,NA,0.12985365550432434,3,NA,0.8149925566089478,NA,NA,0.5527113646791451,NA,56.521739,1987,NA,2697,1.2160633484162895,0.013094690525429708,43.478261,NA
BLOCKS-49-0,806080,186,NA,NA,NA,71.79245283018868,NA,NA,NA,86,0.4661891260183117,NA,NA,56,0.399619,61.237512826919556,122,NA,NA,NA,NA,NA,NA,NA,3,NA,NA,NA,NA,NA,208,104,NA,206,3188,126,3,0.4313319530710835,NA,2,NA,NA,NA,0.012628910299902032,NA,0.1247753523098694,3,NA,0.818427502985356,NA,NA,0.5703017523595845,NA,60.317460,2275,NA,3147,1.234443746071653,0.012744207340524043,39.682540,NA
BLOCKS-49-1,805680,178,NA,NA,NA,219.94904458598725,NA,NA,NA,141,0.7377420965618893,NA,NA,199,0.472168,171.27489805221558,275,NA,NA,NA,NA,NA,NA,NA,3,NA,NA,NA,NA,NA,416,208,NA,416,27892,344,3,0.6149491676031675,NA,2,NA,NA,NA,0.008959451190536715,NA,0.06918896881421122,3,NA,0.9285153430821311,NA,NA,0.7218844243035534,NA,49.418605,23166,NA,27856,NA,0.00905345086262388,50.581395,NA
BLOCKS-50-0,1270,174,NA,NA,NA,136.34343434343435,NA,NA,NA,113,0.6282111699929422,NA,NA,117,0.435794,238.33329892158508,190,NA,NA,NA,NA,NA,NA,NA,3,NA,NA,NA,NA,NA,303,153,NA,302,11021,225,3,0.5411911901115257,NA,2,NA,NA,NA,0.010854931753359064,NA,0.08893104782955961,3,NA,0.8916953377696285,NA,NA,0.6555578284883029,NA,55.555556,8698,NA,10982,1.2015364498202026,0.010962470610336277,44.444444,NA
BLOCKS-50-1,893170,188,NA,NA,NA,94.16176470588235,NA,NA,NA,93,0.5264526893958761,NA,NA,79,0.434353,84.1785020828247,146,NA,NA,NA,NA,NA,NA,NA,3,NA,NA,NA,NA,NA,239,121,NA,238,5226,155,3,0.4745098039215686,NA,2,NA,NA,NA,0.012058287641615829,NA,0.10816139341521033,3,NA,0.8594874154031482,NA,NA,0.5887837962449026,NA,52.258065,4021,NA,5184,1.2026191342306294,0.012183697531348117,47.741935,NA
